"Profile.URL","rating","Username","Number.of.posts","Number.of.people.they.follow","Number.of.followers","has_profile_picture","Private.account"
"https://instagram.com/__saaraa._","FALSE","__saaraa._",0,198,177,"TRUE",TRUE
"https://instagram.com/_alex.ti","FALSE","_alex.ti",30,272,174,"TRUE",TRUE
"https://instagram.com/_eldoce","FALSE","_eldoce",5,61,79,"TRUE",TRUE
"https://instagram.com/aashwarya","FALSE","aashwarya",213,1430,1323,"TRUE",TRUE
"https://instagram.com/acelyacaar","FALSE","acelyacaar",14,288,308,"TRUE",TRUE
"https://instagram.com/angelof83","FALSE","angelof83",25,389,288,"TRUE",TRUE
"https://instagram.com/aniket111999","FALSE","aniket111999",23,143,154,"TRUE",TRUE
"https://instagram.com/baqirhshah","FALSE","baqirhshah",74,106,100,"TRUE",TRUE
"https://instagram.com/biancadellacastafiore","TRUE","biancadellacastafiore",94,238,0,"TRUE",TRUE
"https://instagram.com/chloe_daviet","FALSE","chloe_daviet",5,372,409,"TRUE",TRUE
"https://instagram.com/ernestovalverde6609","TRUE","ernestovalverde6609",0,601,18,"FALSE",TRUE
"https://instagram.com/ex_utero","FALSE","ex_utero",147,587,408,"TRUE",TRUE
"https://instagram.com/fashionista_claudia","FALSE","fashionista_claudia",2515,1696,6952,"TRUE",TRUE
"https://instagram.com/gammagaby","FALSE","gammagaby",3,33,17,"TRUE",TRUE
"https://instagram.com/grimopolis","FALSE","grimopolis",0,1064,32,"FALSE",TRUE
"https://instagram.com/hripsime.sargayan","FALSE","hripsime.sargayan",43,57,77,"TRUE",TRUE
"https://instagram.com/jaumelopez15","FALSE","jaumelopez15",43,200,88,"TRUE",TRUE
"https://instagram.com/jessica_mkr","FALSE","jessica_mkr",16,432,58,"TRUE",TRUE
"https://instagram.com/josefineclind","FALSE","josefineclind",132,530,1261,"TRUE",TRUE
"https://instagram.com/lecaramel84","FALSE","lecaramel84",202,5730,912,"TRUE",TRUE
"https://instagram.com/lenawgl","FALSE","lenawgl",9,87,284,"TRUE",TRUE
"https://instagram.com/marcellesereia","FALSE","marcellesereia",47,97,199,"TRUE",TRUE
"https://instagram.com/martahebu","FALSE","martahebu",280,1578,174,"TRUE",TRUE
"https://instagram.com/marwanm7modd","FALSE","marwanm7modd",40,180,363,"TRUE",TRUE
"https://instagram.com/maudsrd","FALSE","maudsrd",62,218,122,"TRUE",TRUE
"https://instagram.com/meryamnuriyeva","FALSE","meryamnuriyeva",60,616,209,"TRUE",TRUE
"https://instagram.com/nana_m.f","FALSE","nana_m.f",5,221,0,"TRUE",TRUE
"https://instagram.com/narimanbarbiche","FALSE","narimanbarbiche",0,184,310,"TRUE",TRUE
"https://instagram.com/nathanbouchere","FALSE","nathanbouchere",5,32,22,"TRUE",TRUE
"https://instagram.com/nelahu","FALSE","nelahu",42,168,109,"TRUE",TRUE
"https://instagram.com/ninathony","FALSE","ninathony",16,68,44,"TRUE",TRUE
"https://instagram.com/penghuihong98","FALSE","penghuihong98",1,209,33,"TRUE",TRUE
"https://instagram.com/pmamalea","FALSE","pmamalea",6,69,55,"TRUE",TRUE
"https://instagram.com/rikedee","FALSE","rikedee",0,224,585,"TRUE",TRUE
"https://instagram.com/rosa_fee","FALSE","rosa_fee",61,256,234,"TRUE",TRUE
"https://instagram.com/sally_d_mousa","FALSE","sally_d_mousa",11,297,93,"TRUE",TRUE
"https://instagram.com/sgrshma","FALSE","sgrshma",11,1526,164,"TRUE",TRUE
"https://instagram.com/tyla.s.hancock","FALSE","tyla.s.hancock",23,526,220,"TRUE",TRUE
"https://instagram.com/yaenu_lanz","FALSE","yaenu_lanz",87,750,133,"TRUE",TRUE
"https://www.instagram.com/_cherryannh___","FALSE","_cherryannh___",187,7461,1122,"TRUE",FALSE
"https://www.instagram.com/_fashion__girls__hub__","FALSE","_fashion__girls__hub__",145,2665,516,"TRUE",FALSE
"https://www.instagram.com/_golden.kid_","FALSE","_golden.kid_",15,1345,1715,"TRUE",FALSE
"https://www.instagram.com/_ingrid_k_","FALSE","_ingrid_k_",75,176,221,"TRUE",FALSE
"https://www.instagram.com/_saracinoo","FALSE","_saracinoo",5,580,158,"TRUE",FALSE
"https://www.instagram.com/179cmandup","FALSE","179cmandup",329,4182,4265,"TRUE",FALSE
"https://www.instagram.com/9polkadots","FALSE","9polkadots",58,464,181,"TRUE",FALSE
"https://www.instagram.com/aguamaniloficial","FALSE","aguamaniloficial",136,2940,17876,"TRUE",FALSE
"https://www.instagram.com/ahmed_adan_mohamuud","FALSE","ahmed_adan_mohamuud",12,2551,706,"TRUE",FALSE
"https://www.instagram.com/alanabalacco","FALSE","alanabalacco",120,353,5604,"TRUE",FALSE
"https://www.instagram.com/alexandra999999","FALSE","alexandra999999",0,129,7,"TRUE",FALSE
"https://www.instagram.com/anan_anan0312","FALSE","anan_anan0312",8,124,98,"TRUE",FALSE
"https://www.instagram.com/andiarunakbar","FALSE","andiarunakbar",154,1112,1073,"TRUE",FALSE
"https://www.instagram.com/anita.b.photography","FALSE","anita.b.photography",364,7500,4754,"TRUE",FALSE
"https://www.instagram.com/anna.bagashvili","FALSE","anna.bagashvili",208,170,6201,"TRUE",FALSE
"https://www.instagram.com/annasding","FALSE","annasding",39,959,5651,"TRUE",FALSE
"https://www.instagram.com/annika_julie","FALSE","annika_julie",11,649,390,"TRUE",FALSE
"https://www.instagram.com/ar_designofficial","FALSE","ar_designofficial",1480,558,3432,"TRUE",FALSE
"https://www.instagram.com/ashleygoldston","FALSE","ashleygoldston",133,560,3659,"TRUE",FALSE
"https://www.instagram.com/balkia.official","FALSE","balkia.official",23,1484,365,"TRUE",FALSE
"https://www.instagram.com/bebeinteriordesign","FALSE","bebeinteriordesign",453,3993,1129,"TRUE",FALSE
"https://www.instagram.com/besiktas_fashion","FALSE","besiktas_fashion",135,585,137,"TRUE",FALSE
"https://www.instagram.com/britneychandreperkash","FALSE","britneychandreperkash",136,610,682,"TRUE",FALSE
"https://www.instagram.com/brittiquefashion","FALSE","brittiquefashion",102,2530,2197,"TRUE",FALSE
"https://www.instagram.com/bucklecasper475","FALSE","bucklecasper475",1097,1206,1736,"TRUE",FALSE
"https://www.instagram.com/by_reisender","FALSE","by_reisender",1217,5727,924,"TRUE",FALSE
"https://www.instagram.com/cameeadams","FALSE","cameeadams",632,3486,4520,"TRUE",FALSE
"https://www.instagram.com/celinacarolin","FALSE","celinacarolin",50,99,553,"TRUE",FALSE
"https://www.instagram.com/charles_frankivas","FALSE","charles_frankivas",97,1624,395,"TRUE",FALSE
"https://www.instagram.com/chez.amelie","FALSE","chez.amelie",392,439,10966,"TRUE",FALSE
"https://www.instagram.com/chiarasvevaponzone","FALSE","chiarasvevaponzone",517,343,8365,"TRUE",FALSE
"https://www.instagram.com/christie.flores__","FALSE","christie.flores__",89,1161,310,"TRUE",FALSE
"https://www.instagram.com/daccacaiaolga","TRUE","daccacaiaolga",6,5151,1346,"TRUE",FALSE
"https://www.instagram.com/daventuree","FALSE","daventuree",48,455,1017,"TRUE",FALSE
"https://www.instagram.com/dilekahin","FALSE","dilekahin",398,3821,4348,"TRUE",FALSE
"https://www.instagram.com/dinnedusse","FALSE","dinnedusse",18,193,33,"TRUE",FALSE
"https://www.instagram.com/elena_girligi","FALSE","elena_girligi",37,584,6193,"TRUE",FALSE
"https://www.instagram.com/elenaxebony","FALSE","elenaxebony",17,163,260,"TRUE",FALSE
"https://www.instagram.com/eleswims","FALSE","eleswims",455,3299,26119,"TRUE",FALSE
"https://www.instagram.com/emy_divinelv","FALSE","emy_divinelv",941,5600,1475,"TRUE",FALSE
"https://www.instagram.com/erlan_kenzhegaliev","FALSE","erlan_kenzhegaliev",2,123,40,"TRUE",FALSE
"https://www.instagram.com/esenmacoro","FALSE","esenmacoro",2,208,175,"TRUE",FALSE
"https://www.instagram.com/estervall93","FALSE","estervall93",2,203,103,"TRUE",FALSE
"https://www.instagram.com/fabio_repupilli","FALSE","fabio_repupilli",189,270,44583,"TRUE",FALSE
"https://www.instagram.com/fede_montanarl","FALSE","fede_montanarl",64,566,376,"TRUE",FALSE
"https://www.instagram.com/ferhanalkisel","FALSE","ferhanalkisel",11,6297,722,"TRUE",FALSE
"https://www.instagram.com/ferit_10","FALSE","ferit_10",362,3680,14277,"TRUE",FALSE
"https://www.instagram.com/fernandohc98","FALSE","fernandohc98",25,782,973,"TRUE",FALSE
"https://www.instagram.com/fibicloglambymel","FALSE","fibicloglambymel",14,870,261,"TRUE",FALSE
"https://www.instagram.com/franklyn_mma","FALSE","franklyn_mma",486,5539,1707,"TRUE",FALSE
"https://www.instagram.com/freshstylesalon","FALSE","freshstylesalon",68,1011,175,"TRUE",FALSE
"https://www.instagram.com/fur_by_sd","FALSE","fur_by_sd",868,2228,5799,"TRUE",FALSE
"https://www.instagram.com/gabrielle_dayer","FALSE","gabrielle_dayer",246,1089,240,"TRUE",FALSE
"https://www.instagram.com/gdlife0","TRUE","gdlife0",0,603,45,"TRUE",FALSE
"https://www.instagram.com/ghadoshka_98","FALSE","ghadoshka_98",365,2288,441,"TRUE",FALSE
"https://www.instagram.com/giudittaghione","FALSE","giudittaghione",555,1105,5682,"TRUE",FALSE
"https://www.instagram.com/globalpixxel","FALSE","globalpixxel",568,557,1422,"TRUE",FALSE
"https://www.instagram.com/grafprince","FALSE","grafprince",442,527,2004,"TRUE",FALSE
"https://www.instagram.com/guri_s.g","FALSE","guri_s.g",222,824,2327,"TRUE",FALSE
"https://www.instagram.com/guxtavowarrior","FALSE","guxtavowarrior",644,1439,595,"TRUE",FALSE
"https://www.instagram.com/happymum_schweiz","FALSE","happymum_schweiz",73,914,394,"TRUE",FALSE
"https://www.instagram.com/hastens_harrods","FALSE","hastens_harrods",42,488,188,"TRUE",FALSE
"https://www.instagram.com/ikramayabdja","FALSE","ikramayabdja",37,496,206,"TRUE",FALSE
"https://www.instagram.com/instagraamd5094","TRUE","instagraamd5094",0,2164,121,"TRUE",FALSE
"https://www.instagram.com/irinberdishian","FALSE","irinberdishian",442,5383,4362,"TRUE",FALSE
"https://www.instagram.com/irisx1015","FALSE","irisx1015",0,38,6,"TRUE",FALSE
"https://www.instagram.com/itsbarbaramensah","FALSE","itsbarbaramensah",153,681,1192,"TRUE",FALSE
"https://www.instagram.com/jenny_skindeepart","FALSE","jenny_skindeepart",196,578,710,"TRUE",FALSE
"https://www.instagram.com/jessy.crs","FALSE","jessy.crs",99,371,246,"TRUE",FALSE
"https://www.instagram.com/juanchristiam","FALSE","juanchristiam",4,2236,131,"TRUE",FALSE
"https://www.instagram.com/jularsdiary","FALSE","jularsdiary",304,1288,26973,"TRUE",FALSE
"https://www.instagram.com/justabodybuilder","FALSE","justabodybuilder",31,167,8844,"TRUE",FALSE
"https://www.instagram.com/justcatk","FALSE","justcatk",140,59,237,"TRUE",FALSE
"https://www.instagram.com/karibra","FALSE","karibra",213,938,371,"TRUE",FALSE
"https://www.instagram.com/karmanverdi","FALSE","karmanverdi",114,416,22124,"TRUE",FALSE
"https://www.instagram.com/king_of_zurich","FALSE","king_of_zurich",286,1730,16040,"TRUE",FALSE
"https://www.instagram.com/ladanielephant","FALSE","ladanielephant",302,845,840,"TRUE",FALSE
"https://www.instagram.com/lancejohnson_","FALSE","lancejohnson_",481,2687,13144,"TRUE",FALSE
"https://www.instagram.com/leventkpk","FALSE","leventkpk",260,2890,4806,"TRUE",FALSE
"https://www.instagram.com/lifeofbila_","FALSE","lifeofbila_",10,152,63,"TRUE",FALSE
"https://www.instagram.com/lili___z","FALSE","lili___z",49,167,437,"TRUE",FALSE
"https://www.instagram.com/lisawalluschnig_","FALSE","lisawalluschnig_",3,576,550,"TRUE",FALSE
"https://www.instagram.com/lojo7272","FALSE","lojo7272",296,855,10832,"TRUE",FALSE
"https://www.instagram.com/lonvas","FALSE","lonvas",68,7348,1024,"TRUE",FALSE
"https://www.instagram.com/lourdes_jim_hermon","FALSE","lourdes_jim_hermon",40,6577,330,"TRUE",FALSE
"https://www.instagram.com/luca.bsu","FALSE","luca.bsu",280,361,341,"TRUE",FALSE
"https://www.instagram.com/lynellestyle","FALSE","lynellestyle",142,674,1441,"TRUE",FALSE
"https://www.instagram.com/mabdelgaber","FALSE","mabdelgaber",108,98,37,"TRUE",FALSE
"https://www.instagram.com/magapat","FALSE","magapat",0,37,16,"FALSE",FALSE
"https://www.instagram.com/malibuttner","FALSE","malibuttner",1292,1389,1163,"TRUE",FALSE
"https://www.instagram.com/mariaagustinateijeiro","FALSE","mariaagustinateijeiro",52,266,180,"TRUE",FALSE
"https://www.instagram.com/mariomario9536","FALSE","mariomario9536",1,30,18,"TRUE",FALSE
"https://www.instagram.com/mark.chimera","FALSE","mark.chimera",50,117,117,"TRUE",FALSE
"https://www.instagram.com/mary_saavedra","FALSE","mary_saavedra",1000,1980,7838,"TRUE",FALSE
"https://www.instagram.com/mateostojkovicmicuda","FALSE","mateostojkovicmicuda",4,448,107,"TRUE",FALSE
"https://www.instagram.com/mauro_pinna","FALSE","mauro_pinna",101,203,6328,"TRUE",FALSE
"https://www.instagram.com/mcbeaute_","FALSE","mcbeaute_",13,1385,1347,"TRUE",FALSE
"https://www.instagram.com/medha4843","FALSE","medha4843",16,122,25,"TRUE",FALSE
"https://www.instagram.com/michellebeyeler","FALSE","michellebeyeler",155,462,640,"TRUE",FALSE
"https://www.instagram.com/minamoodi","FALSE","minamoodi",126,402,1147,"TRUE",FALSE
"https://www.instagram.com/mmcagentur","FALSE","mmcagentur",311,553,334,"TRUE",FALSE
"https://www.instagram.com/moira_wonder","FALSE","moira_wonder",24,80,45,"TRUE",FALSE
"https://www.instagram.com/mrsdada","FALSE","mrsdada",411,3465,4476,"TRUE",FALSE
"https://www.instagram.com/music_kino_producer","FALSE","music_kino_producer",811,2538,1181,"TRUE",FALSE
"https://www.instagram.com/n_blust","FALSE","n_blust",0,22,23,"TRUE",FALSE
"https://www.instagram.com/nadzingl","FALSE","nadzingl",0,12,3,"TRUE",FALSE
"https://www.instagram.com/nora.chadli","FALSE","nora.chadli",21,180,840,"TRUE",FALSE
"https://www.instagram.com/nouraminicouture","FALSE","nouraminicouture",888,821,4173,"TRUE",FALSE
"https://www.instagram.com/offgridhideaways","FALSE","offgridhideaways",23,265,275,"TRUE",FALSE
"https://www.instagram.com/ohcua","FALSE","ohcua",103,442,294,"TRUE",FALSE
"https://www.instagram.com/ohfashion222","TRUE","ohfashion222",0,387,21,"TRUE",FALSE
"https://www.instagram.com/okiver_photography","FALSE","okiver_photography",344,139,106,"TRUE",FALSE
"https://www.instagram.com/oo.romio.3","TRUE","oo.romio.3",1,87,14,"TRUE",FALSE
"https://www.instagram.com/parisian_prep","FALSE","parisian_prep",154,329,5617,"TRUE",FALSE
"https://www.instagram.com/patriciachacon","FALSE","patriciachacon",129,807,1627,"TRUE",FALSE
"https://www.instagram.com/patrickfrey6164","FALSE","patrickfrey6164",10,85,137,"TRUE",FALSE
"https://www.instagram.com/ph_guglic","FALSE","ph_guglic",175,311,581,"TRUE",FALSE
"https://www.instagram.com/pretty.kristy","FALSE","pretty.kristy",100,2556,2029,"TRUE",FALSE
"https://www.instagram.com/princo0716","FALSE","princo0716",4,475,94,"TRUE",FALSE
"https://www.instagram.com/protebenaramky","FALSE","protebenaramky",57,5949,955,"TRUE",FALSE
"https://www.instagram.com/rebwar_j","FALSE","rebwar_j",182,6887,1258,"TRUE",FALSE
"https://www.instagram.com/s0urabhsethi","FALSE","s0urabhsethi",53,761,3001,"TRUE",FALSE
"https://www.instagram.com/sabbir_mahamud","TRUE","sabbir_mahamud",0,4584,269,"TRUE",FALSE
"https://www.instagram.com/sadek.hassan","FALSE","sadek.hassan",61,366,2572,"TRUE",FALSE
"https://www.instagram.com/sainttropezshop","FALSE","sainttropezshop",2648,453,1797,"TRUE",FALSE
"https://www.instagram.com/samirahaas_","FALSE","samirahaas_",29,132,119,"TRUE",FALSE
"https://www.instagram.com/sanied75","FALSE","sanied75",48,388,90,"TRUE",FALSE
"https://www.instagram.com/sbekturova","FALSE","sbekturova",519,255,7085,"TRUE",FALSE
"https://www.instagram.com/sceptretowels","FALSE","sceptretowels",254,1612,2216,"TRUE",FALSE
"https://www.instagram.com/schwarz__sarah","FALSE","schwarz__sarah",8,63,48,"TRUE",FALSE
"https://www.instagram.com/selenaupdatedaily","FALSE","selenaupdatedaily",284,557,348,"TRUE",FALSE
"https://www.instagram.com/sheluvstotravel","FALSE","sheluvstotravel",85,1390,4687,"TRUE",FALSE
"https://www.instagram.com/shoplowcoststore","FALSE","shoplowcoststore",83,1874,6228,"TRUE",FALSE
"https://www.instagram.com/simfloor","FALSE","simfloor",1828,855,14101,"TRUE",FALSE
"https://www.instagram.com/simona_saiya","FALSE","simona_saiya",30,334,427,"TRUE",FALSE
"https://www.instagram.com/slitatore","FALSE","slitatore",1097,1845,785,"TRUE",FALSE
"https://www.instagram.com/soka.hong","FALSE","soka.hong",5,139,16,"TRUE",FALSE
"https://www.instagram.com/sovintagechanel","FALSE","sovintagechanel",866,7211,13957,"TRUE",FALSE
"https://www.instagram.com/sun_travelers","FALSE","sun_travelers",123,3256,27970,"TRUE",FALSE
"https://www.instagram.com/swagatabera","FALSE","swagatabera",86,1687,3110,"TRUE",FALSE
"https://www.instagram.com/sydneyfashionlife","FALSE","sydneyfashionlife",547,743,5580,"TRUE",FALSE
"https://www.instagram.com/tabeasworld_","FALSE","tabeasworld_",124,306,1137,"TRUE",FALSE
"https://www.instagram.com/thard_fit","FALSE","thard_fit",36,509,166,"TRUE",FALSE
"https://www.instagram.com/the.skullcrusher","FALSE","the.skullcrusher",4,113,112,"TRUE",FALSE
"https://www.instagram.com/thepeoplesponcho","FALSE","thepeoplesponcho",272,2453,9587,"TRUE",FALSE
"https://www.instagram.com/thevitiligosociety","FALSE","thevitiligosociety",58,962,532,"TRUE",FALSE
"https://www.instagram.com/thewindcriesmaria","FALSE","thewindcriesmaria",36,288,161,"TRUE",FALSE
"https://www.instagram.com/tnotz","FALSE","tnotz",17,30,32,"TRUE",FALSE
"https://www.instagram.com/travelboundcouple","FALSE","travelboundcouple",52,1940,3301,"TRUE",FALSE
"https://www.instagram.com/unzila0714","FALSE","unzila0714",254,632,983,"TRUE",FALSE
"https://www.instagram.com/waleri05","FALSE","waleri05",30,400,136,"TRUE",FALSE
"https://www.instagram.com/whiteoutblue","FALSE","whiteoutblue",1,554,88,"TRUE",FALSE
"https://www.instagram.com/wiz_mustapha","FALSE","wiz_mustapha",203,6353,1207,"TRUE",FALSE
"https://www.instagram.com/yanniseberhard","FALSE","yanniseberhard",55,538,867,"TRUE",FALSE
"https://www.instagram.com/younesgamrani","FALSE","younesgamrani",41,3034,582,"TRUE",FALSE
"https://www.instagram.com/yu_stagram__2","FALSE","yu_stagram__2",14,70,36,"TRUE",FALSE
"https://www.instagram.com/zive46","FALSE","zive46",8,557,529,"TRUE",FALSE
"https://instagram.com/seema_angel4","FALSE","seema_angel4",10,3984,320,"TRUE",TRUE
"https://instagram.com/urshuegli","FALSE","urshuegli",0,23,6,"TRUE",TRUE
"https://instagram.com/nurrohmen6447","TRUE","nurrohmen6447",1,2124,85,"TRUE",TRUE
"https://www.instagram.com/salih_bergin","TRUE","salih_bergin",3,3802,352,"TRUE",FALSE
"https://www.instagram.com/majidab786.ma","TRUE","majidab786.ma",26,6385,676,"TRUE",FALSE
"https://www.instagram.com/aalialasmr","TRUE","aalialasmr",9,6026,529,"TRUE",FALSE
"https://www.instagram.com/hm.mufty","TRUE","hm.mufty",0,6305,4082,"TRUE",FALSE
"https://www.instagram.com/sergiomunozmedina","FALSE","sergiomunozmedina",1,955,63,"TRUE",FALSE
"https://instagram.com/tschuegg","FALSE","tschuegg",17,182,135,"TRUE",TRUE
"https://www.instagram.com/wlydlfdshrb","TRUE","wlydlfdshrb",228,6633,514,"TRUE",FALSE
"https://www.instagram.com/cesar.moura.127","TRUE","cesar.moura.127",66,5429,618,"TRUE",FALSE
"https://www.instagram.com/jesus_1587","FALSE","jesus_1587",96,962,460,"TRUE",FALSE
"https://www.instagram.com/jeffsworld__","FALSE","jeffsworld__",234,2004,266,"TRUE",FALSE
"https://www.instagram.com/best.girl.style","FALSE","best.girl.style",129,4232,2633,"TRUE",FALSE
"https://www.instagram.com/patricksigner","FALSE","patricksigner",0,205,232,"TRUE",FALSE
"https://www.instagram.com/an.jungjin","FALSE","an.jungjin",33,4081,568,"TRUE",FALSE
"https://instagram.com/curbkiller93","FALSE","curbkiller93",162,1759,1071,"TRUE",TRUE
"https://www.instagram.com/tahir_al_mashair","FALSE","tahir_al_mashair",21,2505,416,"TRUE",FALSE
"https://www.instagram.com/dariorufasto","FALSE","dariorufasto",2,5153,491,"TRUE",FALSE
"https://www.instagram.com/viloriajustice","FALSE","viloriajustice",284,1166,1613,"TRUE",FALSE
"https://www.instagram.com/sexshop_entretuslabios","FALSE","sexshop_entretuslabios",123,5173,743,"TRUE",FALSE
"https://instagram.com/c_hartmann14","FALSE","c_hartmann14",6,300,182,"TRUE",TRUE
"https://www.instagram.com/eraz0r","FALSE","eraz0r",111,2017,1609,"TRUE",FALSE
"https://www.instagram.com/felipe.pipe.948","FALSE","felipe.pipe.948",335,836,889,"TRUE",FALSE
"https://instagram.com/ucellinovo","FALSE","ucellinovo",39,785,91,"TRUE",TRUE
"https://instagram.com/bari.ibishi","FALSE","bari.ibishi",88,2688,297,"TRUE",TRUE
"https://instagram.com/barhm055","TRUE","barhm055",0,7492,149,"TRUE",TRUE
"https://www.instagram.com/huseyin.bakirci.9","FALSE","huseyin.bakirci.9",918,5762,805,"TRUE",FALSE
"https://www.instagram.com/roca__wear_","FALSE","roca__wear_",51,653,265,"TRUE",FALSE
"https://instagram.com/oiram.rerrak","FALSE","oiram.rerrak",6,625,124,"TRUE",TRUE
"https://instagram.com/tum939393","FALSE","tum939393",681,1568,636,"TRUE",TRUE
"https://www.instagram.com/franciscocamaho","TRUE","franciscocamaho",1,551,148,"TRUE",FALSE
"https://instagram.com/fitreza6","FALSE","fitreza6",2,415,22,"TRUE",TRUE
"https://www.instagram.com/elhusseinih_hassan","FALSE","elhusseinih_hassan",5,859,237,"TRUE",FALSE
"https://www.instagram.com/ian___5","FALSE","ian___5",1,291,24,"TRUE",FALSE
"https://www.instagram.com/stone_edge1","FALSE","stone_edge1",189,4863,642,"TRUE",FALSE
"https://www.instagram.com/monse_davila","FALSE","monse_davila",1,337,15,"TRUE",FALSE
"https://instagram.com/brayan_jesus04","TRUE","brayan_jesus04",1,6876,156,"TRUE",TRUE
"https://www.instagram.com/gaurav_rana_ji","TRUE","gaurav_rana_ji",11,7498,582,"TRUE",FALSE
"https://www.instagram.com/lim_bo1.0","FALSE","lim_bo1.0",74,98,1919,"TRUE",FALSE
"https://www.instagram.com/ogor323","TRUE","ogor323",0,403,71,"TRUE",FALSE
"https://www.instagram.com/christianstrecke","FALSE","christianstrecke",42,343,5592,"TRUE",FALSE
"https://www.instagram.com/felix_grams_iron_fanatics","FALSE","felix_grams_iron_fanatics",52,256,3097,"TRUE",FALSE
"https://instagram.com/_fabiogv_","FALSE","_fabiogv_",23,493,846,"TRUE",TRUE
"https://www.instagram.com/nodesahejad","FALSE","nodesahejad",21,2440,464,"TRUE",FALSE
"https://instagram.com/performertheater","FALSE","performertheater",161,178,848,"TRUE",TRUE
"https://www.instagram.com/kristian_lepan","FALSE","kristian_lepan",26,75,136,"TRUE",FALSE
"https://www.instagram.com/romanaesthetic","FALSE","romanaesthetic",99,311,2313,"TRUE",FALSE
"https://www.instagram.com/offthebeatentrax","FALSE","offthebeatentrax",110,94,1617,"TRUE",FALSE
"https://www.instagram.com/caglar.co5kun","FALSE","caglar.co5kun",101,360,2976,"TRUE",FALSE
"https://www.instagram.com/jimmy_laessig","FALSE","jimmy_laessig",151,272,2191,"TRUE",FALSE
"https://www.instagram.com/richcostantin","FALSE","richcostantin",92,201,1045,"TRUE",FALSE
"https://instagram.com/lostinspaceandstuff","TRUE","lostinspaceandstuff",2,636,30,"TRUE",TRUE
"https://www.instagram.com/internationalfitnessx","FALSE","internationalfitnessx",3,18,22,"TRUE",FALSE
"https://www.instagram.com/machadosincero","FALSE","machadosincero",66,558,273,"TRUE",FALSE
"https://www.instagram.com/official_gym_unit","FALSE","official_gym_unit",125,280,2183,"TRUE",FALSE
"https://www.instagram.com/ptchrs","FALSE","ptchrs",75,251,413,"TRUE",FALSE
"https://www.instagram.com/halleyhu14","FALSE","halleyhu14",183,5430,2123,"TRUE",FALSE
"https://www.instagram.com/sj1fitness","FALSE","sj1fitness",3,518,177,"TRUE",FALSE
"https://instagram.com/aristidsjc","FALSE","aristidsjc",480,1252,610,"TRUE",TRUE
"https://www.instagram.com/johannes_thi","FALSE","johannes_thi",3,238,86,"TRUE",FALSE
"https://www.instagram.com/melcherlukas","FALSE","melcherlukas",128,5474,2632,"TRUE",FALSE
"https://www.instagram.com/hmq420","FALSE","hmq420",5,2429,347,"TRUE",FALSE
"https://instagram.com/xxpascal123","FALSE","xxpascal123",62,2690,468,"TRUE",TRUE
"https://instagram.com/lukiibk","FALSE","lukiibk",0,6,0,"FALSE",TRUE
"https://www.instagram.com/simonwuelfertfitness","FALSE","simonwuelfertfitness",71,640,2010,"TRUE",FALSE
"https://www.instagram.com/tommaso_giambelli","FALSE","tommaso_giambelli",857,3992,2779,"TRUE",FALSE
"https://www.instagram.com/dom_noyalvarez","FALSE","dom_noyalvarez",171,433,1218,"TRUE",FALSE
"https://www.instagram.com/afrikantitan","FALSE","afrikantitan",22,301,174,"TRUE",FALSE
"https://www.instagram.com/satish_varma_007","FALSE","satish_varma_007",24,203,376,"TRUE",FALSE
"https://www.instagram.com/kaaaili_","FALSE","kaaaili_",3,379,310,"TRUE",FALSE
"https://www.instagram.com/patriciaalexandrari","FALSE","patriciaalexandrari",48,1897,228,"TRUE",FALSE
"https://www.instagram.com/marvingra","FALSE","marvingra",10,360,627,"TRUE",FALSE
"https://www.instagram.com/heelanurag","FALSE","heelanurag",6,531,162,"TRUE",FALSE
"https://www.instagram.com/_sabrina2012_","FALSE","_sabrina2012_",44,925,6354,"TRUE",FALSE
"https://www.instagram.com/happylittlehumanaus","FALSE","happylittlehumanaus",49,2351,1590,"TRUE",FALSE
"https://www.instagram.com/tschan.b","FALSE","tschan.b",58,154,1168,"TRUE",FALSE
"https://instagram.com/junroulin","FALSE","junroulin",4,831,105,"TRUE",TRUE
"https://www.instagram.com/ua.au","TRUE","ua.au",59,2084,5089,"TRUE",FALSE
"https://instagram.com/benja12457","FALSE","benja12457",1,93,71,"TRUE",TRUE
"https://instagram.com/xantarktikax","TRUE","xantarktikax",0,2616,43,"TRUE",TRUE
"https://www.instagram.com/x511xi","TRUE","x511xi",146,4183,3515,"TRUE",FALSE
"https://instagram.com/theycallmebaw","FALSE","theycallmebaw",5,134,23,"TRUE",TRUE
"https://instagram.com/aviam_maccoupe","TRUE","aviam_maccoupe",8,2814,1260,"TRUE",TRUE
"https://www.instagram.com/yehyahesenov262","TRUE","yehyahesenov262",0,2793,92,"TRUE",FALSE
"https://www.instagram.com/lucie_brandt","FALSE","lucie_brandt",29,811,493,"TRUE",FALSE
"https://www.instagram.com/hdyshbs","TRUE","hdyshbs",0,167,0,"TRUE",FALSE
"https://www.instagram.com/quoted.mess","FALSE","quoted.mess",18,357,242,"TRUE",FALSE
"https://www.instagram.com/shoe4us2k17","FALSE","shoe4us2k17",145,3932,288,"TRUE",FALSE
"https://www.instagram.com/braidstylebs","FALSE","braidstylebs",156,2952,1047,"TRUE",FALSE
"https://www.instagram.com/reezbia","FALSE","reezbia",396,873,1967,"TRUE",FALSE
"https://www.instagram.com/aafiahbaldin1","FALSE","aafiahbaldin1",2,992,15,"TRUE",FALSE
"https://www.instagram.com/anninastagni","FALSE","anninastagni",0,2003,21,"TRUE",FALSE
"https://www.instagram.com/justslayinsayings","TRUE","justslayinsayings",1,203,3,"TRUE",FALSE
"https://www.instagram.com/serdil_1815","TRUE","serdil_1815",1,1345,625,"TRUE",FALSE
"https://www.instagram.com/mmpr_music","FALSE","mmpr_music",77,1492,296,"TRUE",FALSE
"https://instagram.com/salemq8___1","FALSE","salemq8___1",34,4515,186,"TRUE",TRUE
"https://www.instagram.com/zorrasdestruidas","FALSE","zorrasdestruidas",3,215,70,"TRUE",FALSE
"https://www.instagram.com/alex_shoutout11","TRUE","alex_shoutout11",1,743,40,"TRUE",FALSE
"https://www.instagram.com/nout789","FALSE","nout789",72,2875,1073,"TRUE",FALSE
"https://www.instagram.com/indigotomes","FALSE","indigotomes",23,1251,930,"TRUE",FALSE
"https://www.instagram.com/olga_shmyga","TRUE","olga_shmyga",0,1215,9,"TRUE",FALSE
"https://www.instagram.com/putya_here","TRUE","putya_here",3,2425,70,"TRUE",FALSE
"https://www.instagram.com/devoratoriidemarketing","TRUE","devoratoriidemarketing",1,4141,208,"TRUE",FALSE
"https://www.instagram.com/tyson_gilmar888","TRUE","tyson_gilmar888",1,37,0,"TRUE",FALSE
"https://instagram.com/patitofeo_0m","FALSE","patitofeo_0m",90,6,248,"TRUE",TRUE
"https://www.instagram.com/msnsdnsmsks","TRUE","msnsdnsmsks",1,1149,131,"TRUE",FALSE
"https://instagram.com/aleksandrova.anutka","FALSE","aleksandrova.anutka",11,1232,8,"TRUE",TRUE
"https://www.instagram.com/malamixproducer","FALSE","malamixproducer",30,1179,513,"TRUE",FALSE
"https://www.instagram.com/meredithmickelsons","TRUE","meredithmickelsons",1,1467,32,"TRUE",FALSE
"https://www.instagram.com/officialquestraworld","FALSE","officialquestraworld",14,2595,374,"TRUE",FALSE
"https://instagram.com/daviddk2","FALSE","daviddk2",27,3096,173,"TRUE",TRUE
"https://www.instagram.com/dmtrmck","FALSE","dmtrmck",608,1433,855,"TRUE",FALSE
"https://www.instagram.com/samrac2017_2","TRUE","samrac2017_2",2,5428,74,"TRUE",FALSE
"https://www.instagram.com/fixy_fashion","FALSE","fixy_fashion",171,988,7235,"TRUE",FALSE
"https://www.instagram.com/jessicaporte21","FALSE","jessicaporte21",0,227,20,"TRUE",FALSE
"https://www.instagram.com/__itz__mike","FALSE","__itz__mike",3,51,2,"TRUE",FALSE
"https://instagram.com/raisa_beelzu94","FALSE","raisa_beelzu94",3576,4170,1555,"TRUE",TRUE
"https://instagram.com/sneharahmab4","FALSE","sneharahmab4",53,331,41,"TRUE",TRUE
"https://www.instagram.com/kelsey_shay_mcginnis","FALSE","kelsey_shay_mcginnis",150,1181,579,"TRUE",FALSE
"https://instagram.com/mim_malik7","FALSE","mim_malik7",82,956,307,"TRUE",TRUE
"https://instagram.com/nowrain_11","FALSE","nowrain_11",81,111,56,"TRUE",TRUE
"https://www.instagram.com/adecruzz","FALSE","adecruzz",17,154,76,"TRUE",FALSE
"https://instagram.com/soptok_chatterjee","FALSE","soptok_chatterjee",30,691,1131,"TRUE",TRUE
"https://instagram.com/sowmya4623","FALSE","sowmya4623",10,1082,767,"TRUE",TRUE
"https://instagram.com/misses_dutty_love","FALSE","misses_dutty_love",813,1508,374,"TRUE",TRUE
"https://instagram.com/susanne_muencj","FALSE","susanne_muencj",107,575,138,"TRUE",TRUE
"https://www.instagram.com/piaster_","FALSE","piaster_",482,6795,1491,"TRUE",FALSE
"https://www.instagram.com/sumaiya9963","FALSE","sumaiya9963",4,125,83,"TRUE",FALSE
"https://instagram.com/isthiti.barua99","FALSE","isthiti.barua99",1174,2484,741,"TRUE",TRUE
"https://www.instagram.com/mimuh370","FALSE","mimuh370",168,70,2187,"TRUE",FALSE
"https://instagram.com/pori_shobdo","TRUE","pori_shobdo",4,4651,7659,"TRUE",TRUE
"https://www.instagram.com/lanower","FALSE","lanower",6,1180,437,"TRUE",FALSE
"https://instagram.com/mr.cheapo","FALSE","mr.cheapo",64,3095,1013,"TRUE",TRUE
"https://www.instagram.com/nasuha_emra","FALSE","nasuha_emra",5,168,152,"TRUE",FALSE
"https://www.instagram.com/__tasmia","FALSE","__tasmia",63,114,154,"TRUE",FALSE
"https://instagram.com/narmiat.n","FALSE","narmiat.n",12,410,56,"TRUE",TRUE
"https://www.instagram.com/fathma6772","FALSE","fathma6772",17,565,90,"TRUE",FALSE
"https://www.instagram.com/muzammiltrg","FALSE","muzammiltrg",15,4140,716,"TRUE",FALSE
"https://instagram.com/jiji_elif","FALSE","jiji_elif",2,842,325,"TRUE",TRUE
"https://instagram.com/bintymahmuda","FALSE","bintymahmuda",3,378,94,"TRUE",TRUE
"https://instagram.com/lil_hermosa23","FALSE","lil_hermosa23",322,2055,1953,"TRUE",TRUE
"https://www.instagram.com/jenifar_opshora","FALSE","jenifar_opshora",26,159,166,"TRUE",FALSE
"https://instagram.com/ashita_amir","FALSE","ashita_amir",8,293,228,"TRUE",TRUE
"https://www.instagram.com/mituhasan7049","FALSE","mituhasan7049",2,223,35,"TRUE",FALSE
"https://instagram.com/mi_pushpita","FALSE","mi_pushpita",92,6289,2552,"TRUE",TRUE
"https://instagram.com/00_rockbye_roxie","FALSE","00_rockbye_roxie",84,267,95,"TRUE",TRUE
"https://www.instagram.com/flint_roy","FALSE","flint_roy",0,1305,216,"TRUE",FALSE
"https://www.instagram.com/anika_raimah","FALSE","anika_raimah",9,848,1042,"TRUE",FALSE
"https://instagram.com/shazizaharat","FALSE","shazizaharat",1,108,83,"TRUE",TRUE
"https://www.instagram.com/kantu.kantu","FALSE","kantu.kantu",3,475,135,"TRUE",FALSE
"https://instagram.com/worldwide_selfie","FALSE","worldwide_selfie",32,7569,3389,"TRUE",TRUE
"https://www.instagram.com/alessandrastarr","FALSE","alessandrastarr",262,4651,54036,"TRUE",FALSE
"https://instagram.com/pinkyou17","FALSE","pinkyou17",92,462,239,"TRUE",TRUE
"https://www.instagram.com/igclassy_girls_shoutout","FALSE","igclassy_girls_shoutout",11,235,61,"TRUE",FALSE
"https://instagram.com/nicig75","FALSE","nicig75",178,325,248,"TRUE",TRUE
"https://instagram.com/nuriaech","FALSE","nuriaech",251,532,71,"TRUE",TRUE
"https://www.instagram.com/_chippolina_","FALSE","_chippolina_",0,303,28,"TRUE",FALSE
"https://instagram.com/djessi98","TRUE","djessi98",0,982,0,"TRUE",TRUE
"https://www.instagram.com/nesteroovaaa","FALSE","nesteroovaaa",100,172,1600,"TRUE",FALSE
"https://www.instagram.com/rodrigomoretta12345","TRUE","rodrigomoretta12345",0,1049,45,"TRUE",FALSE
"https://www.instagram.com/yasmintrs","FALSE","yasmintrs",25,232,226,"TRUE",FALSE
"https://www.instagram.com/bejawuo","FALSE","bejawuo",319,3917,1078,"TRUE",FALSE
"https://instagram.com/katiavoss","FALSE","katiavoss",103,566,684,"TRUE",TRUE
"https://www.instagram.com/gomeshair","FALSE","gomeshair",509,5519,22117,"TRUE",FALSE
"https://instagram.com/unedeceptiontotale","FALSE","unedeceptiontotale",51,464,356,"TRUE",TRUE
"https://www.instagram.com/camillawalford","FALSE","camillawalford",688,605,836,"TRUE",FALSE
"https://www.instagram.com/nanuk_makal","FALSE","nanuk_makal",91,783,3012,"TRUE",FALSE
"https://www.instagram.com/chloellenn","FALSE","chloellenn",0,95,25,"TRUE",FALSE
"https://www.instagram.com/lisalevi2288","FALSE","lisalevi2288",268,1391,157,"TRUE",FALSE
"https://www.instagram.com/knight.people","FALSE","knight.people",7,1571,148,"TRUE",FALSE
"https://instagram.com/_niicklp","TRUE","_niicklp",0,1047,67,"TRUE",TRUE
"https://www.instagram.com/raskrutkai_n_s_t_a_g_r_a_f_e_r","TRUE","raskrutkai_n_s_t_a_g_r_a_f_e_r",4,267,26,"TRUE",FALSE
"https://www.instagram.com/sofie_husted_munk","FALSE","sofie_husted_munk",42,316,75,"TRUE",FALSE
"https://www.instagram.com/thereisnotherethere","FALSE","thereisnotherethere",238,4767,757,"TRUE",FALSE
"https://www.instagram.com/universalpicturesch","FALSE","universalpicturesch",233,220,3763,"TRUE",FALSE
"https://www.instagram.com/jerry_stla","FALSE","jerry_stla",18,506,8959,"TRUE",FALSE
"https://www.instagram.com/tomaselliferreira","FALSE","tomaselliferreira",14,687,214,"TRUE",FALSE
"https://instagram.com/rbnjcby","FALSE","rbnjcby",52,423,125,"TRUE",TRUE
"https://www.instagram.com/hiphopsnack","FALSE","hiphopsnack",1263,5203,12852,"TRUE",FALSE
"https://www.instagram.com/_sallusti","FALSE","_sallusti",173,1434,1590,"TRUE",FALSE
"https://www.instagram.com/concierge_space","FALSE","concierge_space",37,1533,3862,"TRUE",FALSE
"https://www.instagram.com/yourmind_yourart","FALSE","yourmind_yourart",32,179,116,"TRUE",FALSE
"https://www.instagram.com/marinalrtsr","FALSE","marinalrtsr",87,273,1061,"TRUE",FALSE
"https://instagram.com/jucruz01","FALSE","jucruz01",29,2435,602,"TRUE",TRUE
"https://www.instagram.com/littosheriff","FALSE","littosheriff",63,1023,216,"TRUE",FALSE
"https://www.instagram.com/lrdesing","FALSE","lrdesing",10,210,50,"TRUE",FALSE
"https://www.instagram.com/morganeberthod","FALSE","morganeberthod",22,124,130,"TRUE",FALSE
"https://www.instagram.com/bypatttt","FALSE","bypatttt",17,154,90,"TRUE",FALSE
"https://www.instagram.com/jgartadvisory","FALSE","jgartadvisory",363,4995,5961,"TRUE",FALSE
"https://www.instagram.com/matildauusitalo","FALSE","matildauusitalo",282,185,477,"TRUE",FALSE
"https://instagram.com/jonathannsalass","FALSE","jonathannsalass",23,1809,1102,"TRUE",TRUE
"https://www.instagram.com/r_a_s_k_r_u_t_k_a_instagrafer","TRUE","r_a_s_k_r_u_t_k_a_instagrafer",3,241,16,"TRUE",FALSE
"https://www.instagram.com/tenokate","FALSE","tenokate",84,305,282,"TRUE",FALSE
"https://www.instagram.com/simon_ankar","FALSE","simon_ankar",0,22,1,"TRUE",FALSE
"https://www.instagram.com/rh_asmae","TRUE","rh_asmae",2,793,531,"TRUE",FALSE
"https://www.instagram.com/donnikcolla","FALSE","donnikcolla",94,543,729,"TRUE",FALSE
"https://instagram.com/gnlozkan","FALSE","gnlozkan",660,682,299,"TRUE",TRUE
"https://www.instagram.com/bunniest_","FALSE","bunniest_",2091,382,3175,"TRUE",FALSE
"https://www.instagram.com/unchicfou","FALSE","unchicfou",346,434,1407,"TRUE",FALSE
"https://instagram.com/key.lee","FALSE","key.lee",172,570,447,"TRUE",TRUE
"https://www.instagram.com/thaothu1793","FALSE","thaothu1793",2,277,60,"TRUE",FALSE
"https://instagram.com/giudipont","FALSE","giudipont",460,323,663,"TRUE",TRUE
"https://www.instagram.com/raffaello_c","FALSE","raffaello_c",917,1618,9677,"TRUE",FALSE
"https://www.instagram.com/senem.onay","FALSE","senem.onay",248,506,284,"TRUE",FALSE
"https://www.instagram.com/s_wenjia","FALSE","s_wenjia",402,546,2998,"TRUE",FALSE
"https://instagram.com/misstut712","FALSE","misstut712",178,183,130,"TRUE",TRUE
"https://www.instagram.com/amira.msh","FALSE","amira.msh",233,737,524,"TRUE",FALSE
"https://www.instagram.com/nabibih","FALSE","nabibih",170,426,306,"TRUE",FALSE
"https://www.instagram.com/arslanshaikh000","FALSE","arslanshaikh000",28,468,9762,"TRUE",FALSE
"https://www.instagram.com/rita_hhhi","FALSE","rita_hhhi",116,156,62,"TRUE",FALSE
"https://instagram.com/__be.91","FALSE","__be.91",88,367,243,"TRUE",TRUE
"https://www.instagram.com/lou__hernandez","FALSE","lou__hernandez",40,302,391,"TRUE",FALSE
"https://www.instagram.com/d.nota","FALSE","d.nota",86,153,791,"TRUE",FALSE
"https://www.instagram.com/styledcitizens","FALSE","styledcitizens",134,926,2953,"TRUE",FALSE
"https://instagram.com/shadivahidi","FALSE","shadivahidi",565,808,419,"TRUE",TRUE
"https://www.instagram.com/junior2millano","FALSE","junior2millano",31,2908,495,"TRUE",FALSE
"https://www.instagram.com/giulia_disgrazia_it","FALSE","giulia_disgrazia_it",660,491,1341,"TRUE",FALSE
"https://instagram.com/ilknur.ozaydin","FALSE","ilknur.ozaydin",96,6399,1076,"TRUE",TRUE
"https://www.instagram.com/stefpetrop","FALSE","stefpetrop",344,904,1818,"TRUE",FALSE
"https://www.instagram.com/meeshcollection","FALSE","meeshcollection",669,476,1883,"TRUE",FALSE
"https://www.instagram.com/tarekparkour","FALSE","tarekparkour",72,127,1476,"TRUE",FALSE
"https://instagram.com/melisakantarr","FALSE","melisakantarr",65,496,436,"TRUE",TRUE
"https://instagram.com/lovelily_xx","FALSE","lovelily_xx",2396,4591,467,"TRUE",TRUE
"https://www.instagram.com/lokeshpathakvns","FALSE","lokeshpathakvns",9,6302,678,"TRUE",FALSE
"https://www.instagram.com/maria3j","FALSE","maria3j",5,69,30,"TRUE",FALSE
"https://www.instagram.com/inessajeanneret","FALSE","inessajeanneret",297,156,540,"TRUE",FALSE
"https://www.instagram.com/giulygiuliettagiugiu","FALSE","giulygiuliettagiugiu",95,466,124,"TRUE",FALSE
"https://www.instagram.com/jwdh2201","FALSE","jwdh2201",97,4520,966,"TRUE",FALSE
"https://www.instagram.com/maria.brito112","TRUE","maria.brito112",0,1033,160,"TRUE",FALSE
"https://www.instagram.com/marinescully","FALSE","marinescully",513,531,539,"TRUE",FALSE
"https://www.instagram.com/maymnv4","FALSE","maymnv4",36,202,23,"TRUE",FALSE
"https://instagram.com/edakiciroglu","FALSE","edakiciroglu",110,318,304,"TRUE",TRUE
"https://www.instagram.com/nahuelbattilana463","FALSE","nahuelbattilana463",6,90,36,"TRUE",FALSE
"https://www.instagram.com/brahim.dridi","FALSE","brahim.dridi",1073,4212,1257,"TRUE",FALSE
"https://instagram.com/jasmin_joyful","FALSE","jasmin_joyful",232,71,53,"TRUE",TRUE
"https://www.instagram.com/mylene_brieux","FALSE","mylene_brieux",5,89,54,"TRUE",FALSE
"https://instagram.com/judith88u","FALSE","judith88u",0,18,3,"TRUE",TRUE
"https://instagram.com/devu013","FALSE","devu013",110,5354,234,"TRUE",TRUE
"https://instagram.com/whitesnowpure","FALSE","whitesnowpure",20,122,15,"TRUE",TRUE
"https://www.instagram.com/shweya_shweya","FALSE","shweya_shweya",90,276,57,"TRUE",FALSE
"https://instagram.com/gerarrluna","FALSE","gerarrluna",1,264,31,"TRUE",TRUE
"https://www.instagram.com/bilginl","FALSE","bilginl",4,1293,562,"TRUE",FALSE
"https://instagram.com/deboraorikassa","FALSE","deboraorikassa",472,2993,143,"TRUE",TRUE
"https://instagram.com/buildingbecs","FALSE","buildingbecs",0,161,0,"FALSE",TRUE
"https://www.instagram.com/nelio.cabrita","FALSE","nelio.cabrita",28,373,102,"TRUE",FALSE
"https://www.instagram.com/april_gloria","FALSE","april_gloria",1686,2212,100599,"TRUE",FALSE
"https://www.instagram.com/alidhakyrie","FALSE","alidhakyrie",0,10,5,"FALSE",FALSE
"https://instagram.com/marieln3102","FALSE","marieln3102",2,124,54,"TRUE",TRUE
"https://www.instagram.com/milows_carnival","FALSE","milows_carnival",354,991,421,"TRUE",FALSE
"https://www.instagram.com/thirtytolily","FALSE","thirtytolily",0,120,34,"TRUE",FALSE
"https://www.instagram.com/solis_switzerland","FALSE","solis_switzerland",69,1011,316,"TRUE",FALSE
"https://www.instagram.com/zach.chinn","FALSE","zach.chinn",17,1205,155,"TRUE",FALSE
"https://instagram.com/worldtrip_","FALSE","worldtrip_",9,527,31,"TRUE",TRUE
"https://www.instagram.com/tinawestnana12","FALSE","tinawestnana12",52,255,113,"TRUE",FALSE
"https://www.instagram.com/luiidy_simons","FALSE","luiidy_simons",76,383,227,"TRUE",FALSE
"https://www.instagram.com/sarah_anne10","FALSE","sarah_anne10",92,631,60,"TRUE",FALSE
"https://www.instagram.com/moonlitmind","FALSE","moonlitmind",47,372,254,"TRUE",FALSE
"https://www.instagram.com/eneandine_art","FALSE","eneandine_art",4,184,37,"TRUE",FALSE
"https://www.instagram.com/remoneuhaus","FALSE","remoneuhaus",475,1222,4386,"TRUE",FALSE
"https://instagram.com/vittojessica","FALSE","vittojessica",3,179,332,"TRUE",TRUE
"https://instagram.com/larissacosta88","FALSE","larissacosta88",379,449,231,"TRUE",TRUE
"https://www.instagram.com/pidesa1984","FALSE","pidesa1984",136,526,353,"TRUE",FALSE
"https://www.instagram.com/hybaa_hamzaa","FALSE","hybaa_hamzaa",189,4934,1835,"TRUE",FALSE
"https://www.instagram.com/keltoum555","FALSE","keltoum555",253,612,136,"TRUE",FALSE
"https://www.instagram.com/khaela.dy","FALSE","khaela.dy",114,123,106,"TRUE",FALSE
"https://www.instagram.com/architect_of_light","FALSE","architect_of_light",330,992,318,"TRUE",FALSE
"https://www.instagram.com/midnightvoice","FALSE","midnightvoice",12,101,33,"TRUE",FALSE
"https://www.instagram.com/amihitodel_bosque_alejandro2.0","TRUE","amihitodel_bosque_alejandro2.0",1,268,65,"TRUE",FALSE
"https://instagram.com/zehe765kmc","TRUE","zehe765kmc",8,669,33,"TRUE",TRUE
"https://instagram.com/kaitiser","TRUE","kaitiser",0,601,0,"TRUE",TRUE
"https://www.instagram.com/beauty_of_makeup87","FALSE","beauty_of_makeup87",1072,542,3852,"TRUE",FALSE
"https://instagram.com/hakon_trygve","FALSE","hakon_trygve",50,448,74,"TRUE",TRUE
"https://www.instagram.com/thebricabracparis","FALSE","thebricabracparis",84,948,951,"TRUE",FALSE
"https://instagram.com/tongt_huwang","FALSE","tongt_huwang",4,175,20,"TRUE",TRUE
"https://www.instagram.com/marrriaivanova","FALSE","marrriaivanova",805,6580,7646,"TRUE",FALSE
"https://www.instagram.com/binni1002","TRUE","binni1002",1,198,69,"TRUE",FALSE
"https://www.instagram.com/lueurdelune","FALSE","lueurdelune",0,143,157,"TRUE",FALSE
"https://www.instagram.com/leungyeekei","FALSE","leungyeekei",213,253,215,"TRUE",FALSE
"https://www.instagram.com/calvinrebaud","FALSE","calvinrebaud",36,308,634,"TRUE",FALSE
"https://www.instagram.com/rachelspz","FALSE","rachelspz",15,3587,326,"TRUE",FALSE
"https://www.instagram.com/sony.aphotos","FALSE","sony.aphotos",88,1992,58219,"TRUE",FALSE
"https://www.instagram.com/fashion_woman017","FALSE","fashion_woman017",2,467,140,"TRUE",FALSE
"https://www.instagram.com/forkandflower","FALSE","forkandflower",3938,2692,5997,"TRUE",FALSE
"https://www.instagram.com/wonderbloomm","FALSE","wonderbloomm",6,42,9,"TRUE",FALSE
"https://www.instagram.com/jinjingabby","FALSE","jinjingabby",4,26,4,"TRUE",FALSE
"https://www.instagram.com/hanene.aitahmed","FALSE","hanene.aitahmed",278,647,14223,"TRUE",FALSE
"https://www.instagram.com/daaaaaaaw","FALSE","daaaaaaaw",194,227,81,"TRUE",FALSE
"https://instagram.com/kitapkurduxo","TRUE","kitapkurduxo",0,597,14,"TRUE",TRUE
"https://instagram.com/marz__malik","FALSE","marz__malik",0,347,17,"TRUE",TRUE
"https://www.instagram.com/carolina_cumbicus","FALSE","carolina_cumbicus",22,205,837,"TRUE",FALSE
"https://www.instagram.com/cry986807185663","TRUE","cry986807185663",5,2107,644,"TRUE",FALSE
"https://www.instagram.com/bonnyau______","FALSE","bonnyau______",324,1058,426,"TRUE",FALSE
"https://instagram.com/mahyar.kf","FALSE","mahyar.kf",28,925,132,"TRUE",TRUE
"https://www.instagram.com/stileitaliano_eyewear","FALSE","stileitaliano_eyewear",5,210,36,"TRUE",FALSE
"https://instagram.com/ainanurfadillah","FALSE","ainanurfadillah",36,386,772,"TRUE",TRUE
"https://www.instagram.com/fromthetravellerseye","FALSE","fromthetravellerseye",124,2671,5105,"TRUE",FALSE
"https://instagram.com/molly.danse","FALSE","molly.danse",25,367,244,"TRUE",TRUE
"https://www.instagram.com/olgakafox","FALSE","olgakafox",11,179,47,"TRUE",FALSE
"https://www.instagram.com/icyonlineshoppeph","FALSE","icyonlineshoppeph",10,1068,55,"TRUE",FALSE
"https://www.instagram.com/astrdmly_rs","FALSE","astrdmly_rs",11,177,547,"TRUE",FALSE
"https://www.instagram.com/fatmangovideos","FALSE","fatmangovideos",298,3870,5588,"TRUE",FALSE
"https://www.instagram.com/wxz_theone","FALSE","wxz_theone",111,110,21,"TRUE",FALSE
"https://www.instagram.com/zuziakowalska_","FALSE","zuziakowalska_",99,1747,4607,"TRUE",FALSE
"https://www.instagram.com/andrewwiradinata","FALSE","andrewwiradinata",778,1455,1905,"TRUE",FALSE
"https://www.instagram.com/centroluganosud","FALSE","centroluganosud",381,92,1122,"TRUE",FALSE
"https://www.instagram.com/darlinglyric","FALSE","darlinglyric",4,90,37,"TRUE",FALSE
"https://instagram.com/bubba_gump_shrimp13","FALSE","bubba_gump_shrimp13",51,746,359,"TRUE",TRUE
"https://www.instagram.com/anna.linz","FALSE","anna.linz",26,818,1122,"TRUE",FALSE
"https://instagram.com/jenechkazaharova","FALSE","jenechkazaharova",59,101,67,"TRUE",TRUE
"https://www.instagram.com/bth245111","TRUE","bth245111",0,32,1,"TRUE",FALSE
"https://www.instagram.com/axel_bodyfitness","FALSE","axel_bodyfitness",50,1212,334,"TRUE",FALSE
"https://www.instagram.com/kelseysuyy","FALSE","kelseysuyy",2,61,2,"TRUE",FALSE
"https://www.instagram.com/tylerkelevra","FALSE","tylerkelevra",2132,1708,544,"TRUE",FALSE
"https://www.instagram.com/pedromartinrojo","FALSE","pedromartinrojo",262,6175,2616,"TRUE",FALSE
"https://www.instagram.com/philipp.leimgruber","FALSE","philipp.leimgruber",162,1472,18407,"TRUE",FALSE
"https://instagram.com/vvanessaanja","FALSE","vvanessaanja",11,156,62,"TRUE",TRUE
"https://instagram.com/djcruise","FALSE","djcruise",41,5798,145,"TRUE",TRUE
"https://www.instagram.com/ente_auf_reisen","FALSE","ente_auf_reisen",94,223,223,"TRUE",FALSE
"https://www.instagram.com/beetnutofficial","FALSE","beetnutofficial",0,18,62,"TRUE",FALSE
"https://www.instagram.com/salome_stutz","FALSE","salome_stutz",18,343,369,"TRUE",FALSE
"https://www.instagram.com/_antonella_terranova_kate_","FALSE","_antonella_terranova_kate_",25,1008,309,"TRUE",FALSE
"https://www.instagram.com/sirhud.kalra","FALSE","sirhud.kalra",113,1032,7622,"TRUE",FALSE
"https://www.instagram.com/mademoiselledm","FALSE","mademoiselledm",284,343,241,"TRUE",FALSE
"https://www.instagram.com/top_1_usa","FALSE","top_1_usa",2,75,15,"TRUE",FALSE
"https://instagram.com/elvira.li.la","FALSE","elvira.li.la",0,190,81,"TRUE",TRUE
"https://instagram.com/letitvirgo","FALSE","letitvirgo",0,149,373,"TRUE",TRUE
"https://www.instagram.com/aarondewing","FALSE","aarondewing",223,806,793,"TRUE",FALSE
"https://www.instagram.com/koerper.entgiften","FALSE","koerper.entgiften",41,1155,501,"TRUE",FALSE
"https://instagram.com/lorelyss1127","FALSE","lorelyss1127",62,334,60,"TRUE",TRUE
"https://www.instagram.com/tastybites_india","FALSE","tastybites_india",94,1594,1798,"TRUE",FALSE
"https://www.instagram.com/mohammad_alhammade","FALSE","mohammad_alhammade",42,383,183,"TRUE",FALSE
"https://www.instagram.com/gurminder06","FALSE","gurminder06",170,723,219,"TRUE",FALSE
"https://www.instagram.com/sunnyswoodpecker","FALSE","sunnyswoodpecker",3568,4219,1202,"TRUE",FALSE
"https://www.instagram.com/sasha_ko8888","FALSE","sasha_ko8888",3,313,43,"TRUE",FALSE
"https://www.instagram.com/krisskza","FALSE","krisskza",321,524,144,"TRUE",FALSE
"https://www.instagram.com/keziah_vegans_","FALSE","keziah_vegans_",94,860,224,"TRUE",FALSE
"https://www.instagram.com/torbisha_sport","FALSE","torbisha_sport",78,5075,1584,"TRUE",FALSE
"https://www.instagram.com/cameonistas","FALSE","cameonistas",2094,710,49980,"TRUE",FALSE
"https://www.instagram.com/zhshop.ch","FALSE","zhshop.ch",12,30,7,"TRUE",FALSE
"https://www.instagram.com/aletrianni","FALSE","aletrianni",172,673,334,"TRUE",FALSE
"https://instagram.com/clauij","FALSE","clauij",24,174,82,"TRUE",TRUE
"https://www.instagram.com/gearextremist","FALSE","gearextremist",195,937,384,"TRUE",FALSE
"https://www.instagram.com/nicole_julen_coaching","FALSE","nicole_julen_coaching",151,212,192,"TRUE",FALSE
"https://instagram.com/romina.k","FALSE","romina.k",9,322,385,"TRUE",TRUE
"https://instagram.com/sophiefurter","FALSE","sophiefurter",99,674,717,"TRUE",TRUE
"https://www.instagram.com/natural_detox_for_you_1","FALSE","natural_detox_for_you_1",6,968,119,"TRUE",FALSE
"https://www.instagram.com/natural_detox_for_you_6","FALSE","natural_detox_for_you_6",6,972,250,"TRUE",FALSE
"https://www.instagram.com/rahul_4_real","FALSE","rahul_4_real",10,1685,76,"TRUE",FALSE
"https://www.instagram.com/gloria_beatrice","FALSE","gloria_beatrice",309,685,469,"TRUE",FALSE
"https://www.instagram.com/trkan_123","FALSE","trkan_123",31,2239,690,"TRUE",FALSE
"https://www.instagram.com/petitbarcelona","FALSE","petitbarcelona",433,743,871,"TRUE",FALSE
"https://instagram.com/kittycro","FALSE","kittycro",10,81,65,"TRUE",TRUE
"https://www.instagram.com/djr.beauty","FALSE","djr.beauty",1,5449,138,"TRUE",FALSE
"https://instagram.com/lukeandersonboi","TRUE","lukeandersonboi",9,6594,93,"TRUE",TRUE
"https://instagram.com/sneakers_loveee","FALSE","sneakers_loveee",15,595,0,"TRUE",TRUE
"https://www.instagram.com/lukaswunderli","FALSE","lukaswunderli",12,242,110,"TRUE",FALSE
"https://www.instagram.com/foodport.ch","FALSE","foodport.ch",59,3561,5017,"TRUE",FALSE
"https://instagram.com/buzovablog","TRUE","buzovablog",2,2111,2129,"TRUE",TRUE
"https://www.instagram.com/turblast45","TRUE","turblast45",1,7466,299,"TRUE",FALSE
"https://instagram.com/__travellingemotions__","FALSE","__travellingemotions__",25,3419,219,"TRUE",TRUE
"https://www.instagram.com/jualhordengnihh","TRUE","jualhordengnihh",0,832,16,"TRUE",FALSE
"https://instagram.com/valerieammar","TRUE","valerieammar",0,6519,147,"TRUE",TRUE
"https://instagram.com/elagustintigre","FALSE","elagustintigre",0,287,59,"TRUE",TRUE
"https://www.instagram.com/m_a_s_ha12","FALSE","m_a_s_ha12",3,185,16,"TRUE",FALSE
"https://instagram.com/wellpppp","TRUE","wellpppp",0,288,0,"TRUE",TRUE
"https://www.instagram.com/withmyvespa","FALSE","withmyvespa",24,3494,570,"TRUE",FALSE
"https://www.instagram.com/cookingwmaha","FALSE","cookingwmaha",97,324,2363,"TRUE",FALSE
"https://www.instagram.com/neoxatch","FALSE","neoxatch",12,803,23,"TRUE",FALSE
"https://www.instagram.com/holaluli420","TRUE","holaluli420",0,7485,207,"TRUE",FALSE
"https://instagram.com/m8x._","TRUE","m8x._",1,7500,199,"TRUE",TRUE
"https://www.instagram.com/exporecords","FALSE","exporecords",12,282,199,"TRUE",FALSE
"https://instagram.com/beleo_private","TRUE","beleo_private",6,7469,0,"TRUE",TRUE
"https://www.instagram.com/therealjuanhoms","FALSE","therealjuanhoms",14,1750,3163,"TRUE",FALSE
"https://www.instagram.com/misscolt6554","TRUE","misscolt6554",10,5729,222,"TRUE",FALSE
"https://instagram.com/kilfiras","FALSE","kilfiras",1,154,41,"TRUE",TRUE
"https://www.instagram.com/vova531","TRUE","vova531",1,597,4,"TRUE",FALSE
"https://www.instagram.com/yokkomusic","FALSE","yokkomusic",587,949,1948,"TRUE",FALSE
"https://instagram.com/us.bape","FALSE","us.bape",0,3062,1147,"TRUE",TRUE
"https://www.instagram.com/hanspeter122","TRUE","hanspeter122",1,3569,66,"TRUE",FALSE
"https://www.instagram.com/johnnoeart","FALSE","johnnoeart",502,253,279,"TRUE",FALSE
"https://www.instagram.com/fidgetexpert.ch","FALSE","fidgetexpert.ch",51,2185,382,"TRUE",FALSE
"https://www.instagram.com/acasualsense","FALSE","acasualsense",87,697,926,"TRUE",FALSE
"https://www.instagram.com/browbbarmoscow","FALSE","browbbarmoscow",316,6480,13862,"TRUE",FALSE
"https://instagram.com/_.kylie.ks","TRUE","_.kylie.ks",1,413,84,"TRUE",TRUE
"https://www.instagram.com/lebronesshoros","TRUE","lebronesshoros",0,256,23,"TRUE",FALSE
"https://instagram.com/autocarmagazine21","TRUE","autocarmagazine21",4,1231,26,"TRUE",TRUE
"https://www.instagram.com/nickwanna","FALSE","nickwanna",613,6725,2131,"TRUE",FALSE
"https://www.instagram.com/ae.fuck","TRUE","ae.fuck",0,7497,91,"TRUE",FALSE
"https://www.instagram.com/msrollinghome.ch","FALSE","msrollinghome.ch",258,4504,8057,"TRUE",FALSE
"https://www.instagram.com/funnypics.bruh","TRUE","funnypics.bruh",2,7463,270,"TRUE",FALSE
"https://www.instagram.com/krispy.m","FALSE","krispy.m",165,802,1011,"TRUE",FALSE
"https://www.instagram.com/hopeless__wandererr","FALSE","hopeless__wandererr",180,2642,2634,"TRUE",FALSE
"https://www.instagram.com/bobavet","FALSE","bobavet",503,1057,1683,"TRUE",FALSE
"https://www.instagram.com/anaseitz","FALSE","anaseitz",7,84,108,"TRUE",FALSE
"https://www.instagram.com/blvckmattrcreative","FALSE","blvckmattrcreative",12,3224,5543,"TRUE",FALSE
"https://www.instagram.com/stieglerh","FALSE","stieglerh",892,687,533,"TRUE",FALSE
"https://www.instagram.com/rdie","FALSE","rdie",1111,608,339,"TRUE",FALSE
"https://www.instagram.com/henyanni","FALSE","henyanni",1774,2681,20119,"TRUE",FALSE
"https://www.instagram.com/cecinestpasirene","FALSE","cecinestpasirene",387,436,217,"TRUE",FALSE
"https://www.instagram.com/areligroup","FALSE","areligroup",217,1829,3539,"TRUE",FALSE
"https://www.instagram.com/ken.zacharias","FALSE","ken.zacharias",58,7500,17335,"TRUE",FALSE
"https://www.instagram.com/liesinjuly","FALSE","liesinjuly",53,1255,656,"TRUE",FALSE
"https://www.instagram.com/patriciakickass","FALSE","patriciakickass",313,1394,10452,"TRUE",FALSE
"https://www.instagram.com/kennedydarrel","FALSE","kennedydarrel",221,1939,2651,"TRUE",FALSE
"https://instagram.com/swisscyman","FALSE","swisscyman",12,48,27,"TRUE",TRUE
"https://instagram.com/gabilein_23","FALSE","gabilein_23",691,4947,566,"TRUE",TRUE
"https://www.instagram.com/goldencages","FALSE","goldencages",343,369,205,"TRUE",FALSE
"https://www.instagram.com/renatoschneeberger","FALSE","renatoschneeberger",20,249,237,"TRUE",FALSE
"https://instagram.com/jaanika.jyrisoojj","FALSE","jaanika.jyrisoojj",119,1177,1858,"TRUE",TRUE
"https://www.instagram.com/jevi.nifer","FALSE","jevi.nifer",8,794,167,"TRUE",FALSE
"https://instagram.com/anggieastari","TRUE","anggieastari",264,4339,752,"TRUE",TRUE
"https://www.instagram.com/unihumble","FALSE","unihumble",81,6320,10969,"TRUE",FALSE
"https://www.instagram.com/persoenlich.com_redaktion","FALSE","persoenlich.com_redaktion",0,89,15,"TRUE",FALSE
"https://www.instagram.com/lite42","FALSE","lite42",212,675,250,"TRUE",FALSE
"https://www.instagram.com/mimiauthentic","FALSE","mimiauthentic",54,1645,468,"TRUE",FALSE
"https://www.instagram.com/explora_ethlibrary","FALSE","explora_ethlibrary",12,208,95,"TRUE",FALSE
"https://www.instagram.com/conversionbuddha","FALSE","conversionbuddha",323,1648,818,"TRUE",FALSE
"https://www.instagram.com/die_sechste_schweiz","FALSE","die_sechste_schweiz",40,1187,239,"TRUE",FALSE
"https://www.instagram.com/spatzennest_official","FALSE","spatzennest_official",270,957,423,"TRUE",FALSE
"https://www.instagram.com/grbhr","FALSE","grbhr",819,640,2461,"TRUE",FALSE
"https://www.instagram.com/nottheholyjesus","FALSE","nottheholyjesus",13,1751,968,"TRUE",FALSE
"https://www.instagram.com/isilnergizi","FALSE","isilnergizi",74,876,541,"TRUE",FALSE
"https://www.instagram.com/pigoni","FALSE","pigoni",544,477,577,"TRUE",FALSE
"https://www.instagram.com/gislertom","FALSE","gislertom",19,184,321,"TRUE",FALSE
"https://instagram.com/zengnaner1983","TRUE","zengnaner1983",7,3394,59,"TRUE",TRUE
"https://www.instagram.com/cakesarenotevil","FALSE","cakesarenotevil",87,517,292,"TRUE",FALSE
"https://www.instagram.com/mojokit_","FALSE","mojokit_",17,809,164,"TRUE",FALSE
"https://www.instagram.com/j_pic","FALSE","j_pic",174,411,1009,"TRUE",FALSE
"https://www.instagram.com/indi_et_ali","FALSE","indi_et_ali",61,3504,1089,"TRUE",FALSE
"https://www.instagram.com/insta_unlifollowers_ch","TRUE","insta_unlifollowers_ch",1,1919,689,"TRUE",FALSE
"https://www.instagram.com/viridianaor","FALSE","viridianaor",164,4433,1123,"TRUE",FALSE
"https://www.instagram.com/nature__dayz","TRUE","nature__dayz",31,6984,4032,"TRUE",FALSE
"https://www.instagram.com/jasiko87","FALSE","jasiko87",237,1579,2575,"TRUE",FALSE
"https://www.instagram.com/boniface_bonney","FALSE","boniface_bonney",205,6239,1382,"TRUE",FALSE
"https://www.instagram.com/andreynavas","FALSE","andreynavas",173,1122,706,"TRUE",FALSE
"https://www.instagram.com/the_cbas","FALSE","the_cbas",291,2810,654,"TRUE",FALSE
"https://www.instagram.com/spacompanybkk","FALSE","spacompanybkk",30,2219,1648,"TRUE",FALSE
"https://www.instagram.com/photographeronur.k","FALSE","photographeronur.k",197,5611,8084,"TRUE",FALSE
"https://www.instagram.com/the_dorian_","FALSE","the_dorian_",38,35,63,"TRUE",FALSE
"https://www.instagram.com/azrazu","FALSE","azrazu",56,539,312,"TRUE",FALSE
"https://www.instagram.com/max_boninchi","FALSE","max_boninchi",24,261,167,"TRUE",FALSE
"https://www.instagram.com/ayurveda.twist","FALSE","ayurveda.twist",0,3,3,"TRUE",FALSE
"https://www.instagram.com/vamsport","FALSE","vamsport",5,1458,155,"TRUE",FALSE
"https://www.instagram.com/cristi.an","FALSE","cristi.an",506,893,3552,"TRUE",FALSE
"https://www.instagram.com/micol_fortini_98","FALSE","micol_fortini_98",214,6847,6649,"TRUE",FALSE
"https://www.instagram.com/wonder__lavender","FALSE","wonder__lavender",3,382,40,"TRUE",FALSE
"https://instagram.com/nabil_hamdann","FALSE","nabil_hamdann",0,117,6,"TRUE",TRUE
"https://www.instagram.com/swissonfoot","FALSE","swissonfoot",78,260,471,"TRUE",FALSE
"https://www.instagram.com/fathima_i","FALSE","fathima_i",206,374,207,"TRUE",FALSE
"https://www.instagram.com/kellygbon","FALSE","kellygbon",110,1893,788,"TRUE",FALSE
"https://www.instagram.com/rahelhelbling","FALSE","rahelhelbling",82,175,87,"TRUE",FALSE
"https://www.instagram.com/bemoresolutions","FALSE","bemoresolutions",96,911,775,"TRUE",FALSE
"https://www.instagram.com/yourswisseyes","FALSE","yourswisseyes",52,1702,1269,"TRUE",FALSE
"https://www.instagram.com/picturesquedestinations","FALSE","picturesquedestinations",55,2616,802,"TRUE",FALSE
"https://www.instagram.com/glenwould","FALSE","glenwould",228,3546,959,"TRUE",FALSE
"https://www.instagram.com/anatolian71_kasif","FALSE","anatolian71_kasif",61,3090,560,"TRUE",FALSE
"https://www.instagram.com/vienna_au","FALSE","vienna_au",8,6754,8212,"TRUE",FALSE
"https://www.instagram.com/bellyblissful","FALSE","bellyblissful",187,5429,5918,"TRUE",FALSE
"https://www.instagram.com/802traveler","FALSE","802traveler",66,1825,465,"TRUE",FALSE
"https://instagram.com/fraumosimann","FALSE","fraumosimann",1,353,171,"TRUE",TRUE
"https://www.instagram.com/pawelzalejski","FALSE","pawelzalejski",112,175,18471,"TRUE",FALSE
"https://www.instagram.com/flos_photoheart","FALSE","flos_photoheart",83,2833,816,"TRUE",FALSE
"https://www.instagram.com/nastyamiklyaeva_","FALSE","nastyamiklyaeva_",50,3019,1144,"TRUE",FALSE
"https://www.instagram.com/gabyfive","FALSE","gabyfive",334,843,539,"TRUE",FALSE
"https://www.instagram.com/zurlinden21restaurant","FALSE","zurlinden21restaurant",97,866,429,"TRUE",FALSE
"https://instagram.com/lthsuan","FALSE","lthsuan",86,156,6,"TRUE",TRUE
"https://www.instagram.com/bluesbea","FALSE","bluesbea",59,312,1333,"TRUE",FALSE
"https://www.instagram.com/you.cef","FALSE","you.cef",72,559,208,"TRUE",FALSE
"https://www.instagram.com/cindy_paschke","FALSE","cindy_paschke",67,975,381,"TRUE",FALSE
"https://www.instagram.com/sheeatsshecooks","FALSE","sheeatsshecooks",156,3774,13751,"TRUE",FALSE
"https://www.instagram.com/michelnakachephotographies","FALSE","michelnakachephotographies",73,1291,218,"TRUE",FALSE
"https://www.instagram.com/christopher_michael_brown","FALSE","christopher_michael_brown",122,5320,7060,"TRUE",FALSE
"https://www.instagram.com/_c_valencia_","FALSE","_c_valencia_",27,314,44,"TRUE",FALSE
"https://www.instagram.com/schilo13","FALSE","schilo13",167,1032,613,"TRUE",FALSE
"https://www.instagram.com/dr.maxbot","FALSE","dr.maxbot",356,365,1509,"TRUE",FALSE
"https://www.instagram.com/stefanie_pisaniello","FALSE","stefanie_pisaniello",124,468,242,"TRUE",FALSE
"https://www.instagram.com/gabririn","FALSE","gabririn",70,1000,807,"TRUE",FALSE
"https://www.instagram.com/victordelahoz","FALSE","victordelahoz",304,1367,5550,"TRUE",FALSE
"https://www.instagram.com/jk_greenway","FALSE","jk_greenway",336,1652,3160,"TRUE",FALSE
"https://www.instagram.com/_streetography_","FALSE","_streetography_",762,5391,3864,"TRUE",FALSE
"https://instagram.com/abgwa_","TRUE","abgwa_",4,6040,1377,"TRUE",TRUE
"https://www.instagram.com/an3gosolo","FALSE","an3gosolo",673,2731,572,"TRUE",FALSE
"https://www.instagram.com/fede.z62","FALSE","fede.z62",73,707,1096,"TRUE",FALSE
"https://www.instagram.com/tefatzou84","FALSE","tefatzou84",150,132,97,"TRUE",FALSE
"https://www.instagram.com/raphael.kis","FALSE","raphael.kis",17,142,63,"TRUE",FALSE
"https://www.instagram.com/allow.the.beef","FALSE","allow.the.beef",205,1677,574,"TRUE",FALSE
"https://www.instagram.com/paolocencioni","FALSE","paolocencioni",327,766,337,"TRUE",FALSE
"https://www.instagram.com/joshreesdavies","FALSE","joshreesdavies",47,3098,1770,"TRUE",FALSE
"https://www.instagram.com/worldnatureblogs","FALSE","worldnatureblogs",87,6949,1097,"TRUE",FALSE
"https://www.instagram.com/jcadosch","FALSE","jcadosch",57,785,1225,"TRUE",FALSE
"https://www.instagram.com/azmisphotography","FALSE","azmisphotography",35,752,291,"TRUE",FALSE
"https://www.instagram.com/sha1lo_bw","FALSE","sha1lo_bw",59,660,451,"TRUE",FALSE
"https://www.instagram.com/roger_buetler","FALSE","roger_buetler",145,288,673,"TRUE",FALSE
"https://www.instagram.com/donatonunzi_ph","FALSE","donatonunzi_ph",29,448,182,"TRUE",FALSE
"https://www.instagram.com/blackplatinumgold","FALSE","blackplatinumgold",717,1163,1714,"TRUE",FALSE
"https://www.instagram.com/aaalibaba_","TRUE","aaalibaba_",7,578,57,"TRUE",FALSE
"https://www.instagram.com/tilichesycachivaches_","FALSE","tilichesycachivaches_",15,240,43,"TRUE",FALSE
"https://www.instagram.com/bnw_captures","FALSE","bnw_captures",7953,279,55417,"TRUE",FALSE
"https://www.instagram.com/thatsthisfamily","FALSE","thatsthisfamily",106,433,122,"TRUE",FALSE
"https://www.instagram.com/premiumlighter","FALSE","premiumlighter",46,1963,1405,"TRUE",FALSE
"https://www.instagram.com/jeamarais","FALSE","jeamarais",151,553,911,"TRUE",FALSE
"https://www.instagram.com/joemangrum","FALSE","joemangrum",1903,5013,6482,"TRUE",FALSE
"https://www.instagram.com/year.1932","FALSE","year.1932",12,431,82,"TRUE",FALSE
"https://www.instagram.com/vigvam_baby","FALSE","vigvam_baby",10,5793,315,"TRUE",FALSE
"https://www.instagram.com/aquila_clockwork","FALSE","aquila_clockwork",713,626,228,"TRUE",FALSE
"https://www.instagram.com/leela.green","FALSE","leela.green",223,2148,315,"TRUE",FALSE
"https://www.instagram.com/tackleinnovation","FALSE","tackleinnovation",83,5042,5332,"TRUE",FALSE
"https://www.instagram.com/monika.brunner","FALSE","monika.brunner",125,376,164,"TRUE",FALSE
"https://www.instagram.com/holycannolieliquid","FALSE","holycannolieliquid",47,583,942,"TRUE",FALSE
"https://www.instagram.com/sinivision","FALSE","sinivision",36,49,44,"TRUE",FALSE
"https://instagram.com/jo.gallagher54","FALSE","jo.gallagher54",237,796,173,"TRUE",TRUE
"https://www.instagram.com/angeliee123","TRUE","angeliee123",0,2196,66,"TRUE",FALSE
"https://www.instagram.com/lofficielswitzerland","FALSE","lofficielswitzerland",548,3190,14254,"TRUE",FALSE
"https://instagram.com/naama_karidi","FALSE","naama_karidi",30,116,20,"TRUE",TRUE
"https://www.instagram.com/millennials.mtl","FALSE","millennials.mtl",18,4804,1440,"TRUE",FALSE
"https://www.instagram.com/ximingche","TRUE","ximingche",889,1593,146,"TRUE",FALSE
"https://www.instagram.com/meliandcinnamon","FALSE","meliandcinnamon",642,709,461,"TRUE",FALSE
"https://instagram.com/mvg.fm","TRUE","mvg.fm",0,6385,0,"FALSE",TRUE
"https://www.instagram.com/marshasbakeblog","FALSE","marshasbakeblog",528,483,3577,"TRUE",FALSE
"https://www.instagram.com/sumikkocorner","FALSE","sumikkocorner",349,7499,1407,"TRUE",FALSE
"https://www.instagram.com/stephcsnaps","FALSE","stephcsnaps",64,5426,1021,"TRUE",FALSE
"https://www.instagram.com/paje1995","FALSE","paje1995",9,3196,61,"TRUE",FALSE
"https://www.instagram.com/esyalarimcom","TRUE","esyalarimcom",0,1325,18,"FALSE",FALSE
"https://instagram.com/dewi_01234","TRUE","dewi_01234",0,1402,16,"FALSE",TRUE
"https://www.instagram.com/lu.sisi_beautylounge","FALSE","lu.sisi_beautylounge",12,268,11002,"TRUE",FALSE
"https://instagram.com/antont12","FALSE","antont12",0,338,1,"TRUE",TRUE
"https://www.instagram.com/daniellasilvercooks3","FALSE","daniellasilvercooks3",602,713,3240,"TRUE",FALSE
"https://www.instagram.com/redolentcherry","FALSE","redolentcherry",9,24,35,"TRUE",FALSE
"https://www.instagram.com/nails_deco2017","FALSE","nails_deco2017",20,112,35,"TRUE",FALSE
"https://www.instagram.com/thedietdesserts","TRUE","thedietdesserts",3,4904,2926,"TRUE",FALSE
"https://www.instagram.com/palmsandvibes","TRUE","palmsandvibes",3,5612,5807,"TRUE",FALSE
"https://www.instagram.com/sogand.shahverdi69","TRUE","sogand.shahverdi69",7,7464,1439,"TRUE",FALSE
"https://instagram.com/minnievicis","FALSE","minnievicis",43,1156,81,"TRUE",TRUE
"https://www.instagram.com/mugcakesnl","FALSE","mugcakesnl",43,446,487,"TRUE",FALSE
"https://www.instagram.com/laela200","TRUE","laela200",0,1798,33,"FALSE",FALSE
"https://www.instagram.com/laurelstreetkitchen","FALSE","laurelstreetkitchen",255,905,4832,"TRUE",FALSE
"https://instagram.com/samanthaajewett","FALSE","samanthaajewett",139,51,28,"TRUE",TRUE
"https://instagram.com/savotage13","FALSE","savotage13",78,1246,567,"TRUE",TRUE
"https://www.instagram.com/hotestagram","FALSE","hotestagram",100,4831,781,"TRUE",FALSE
"https://www.instagram.com/eyeclothingco","FALSE","eyeclothingco",1122,7237,11247,"TRUE",FALSE
"https://www.instagram.com/tbs_ch","FALSE","tbs_ch",93,515,211,"TRUE",FALSE
"https://instagram.com/lnheu","FALSE","lnheu",208,175,48,"TRUE",TRUE
"https://www.instagram.com/yowie6493","TRUE","yowie6493",0,322,16,"FALSE",FALSE
"https://instagram.com/arwenbradley","FALSE","arwenbradley",214,404,401,"TRUE",TRUE
"https://www.instagram.com/kokomarr7","FALSE","kokomarr7",6,66,64,"TRUE",FALSE
"https://instagram.com/aena.e","FALSE","aena.e",6,108,38,"TRUE",TRUE
"https://www.instagram.com/muayad_alatoom_","FALSE","muayad_alatoom_",29,1405,630,"TRUE",FALSE
"https://www.instagram.com/lindakrkr","TRUE","lindakrkr",1,2751,121,"FALSE",FALSE
"https://www.instagram.com/goodieshatyai","FALSE","goodieshatyai",286,386,285,"TRUE",FALSE
"https://www.instagram.com/vjvictorjuliettebasel","FALSE","vjvictorjuliettebasel",87,203,94,"TRUE",FALSE
"https://www.instagram.com/carlaaranburu","FALSE","carlaaranburu",96,5321,6811,"TRUE",FALSE
"https://instagram.com/elisagaleotafiore","FALSE","elisagaleotafiore",420,1618,1159,"TRUE",TRUE
"https://www.instagram.com/bucklesbury","FALSE","bucklesbury",56,283,1080,"TRUE",FALSE
"https://instagram.com/aygvsx","FALSE","aygvsx",36,551,859,"TRUE",TRUE
"https://www.instagram.com/bodefajana","FALSE","bodefajana",10,3551,575,"TRUE",FALSE
"https://www.instagram.com/cesarmonroemakeup","FALSE","cesarmonroemakeup",0,117,12,"TRUE",FALSE
"https://www.instagram.com/raceqabadaacc6154","FALSE","raceqabadaacc6154",0,8,33,"TRUE",FALSE
"https://www.instagram.com/notshylausanne","FALSE","notshylausanne",57,564,448,"TRUE",FALSE
"https://www.instagram.com/keithjayraphael_photographics","FALSE","keithjayraphael_photographics",95,7332,2711,"TRUE",FALSE
"https://www.instagram.com/ownmydesignerbags","FALSE","ownmydesignerbags",95,1311,339,"TRUE",FALSE
"https://www.instagram.com/dolomiteman","FALSE","dolomiteman",176,4601,1532,"TRUE",FALSE
"https://instagram.com/ndp2305","FALSE","ndp2305",187,466,157,"TRUE",TRUE
"https://www.instagram.com/bdavidfredeli","FALSE","bdavidfredeli",0,516,177,"TRUE",FALSE
"https://www.instagram.com/the_c_edit","FALSE","the_c_edit",258,297,910,"TRUE",FALSE
"https://www.instagram.com/gigikcm","FALSE","gigikcm",313,628,223,"TRUE",FALSE
"https://www.instagram.com/keltontyrrelltan","FALSE","keltontyrrelltan",1518,5456,2747,"TRUE",FALSE
"https://www.instagram.com/wooers_","FALSE","wooers_",51,56,49,"TRUE",FALSE
"https://www.instagram.com/myartistcommunity_zurichhb","FALSE","myartistcommunity_zurichhb",12,155,132,"TRUE",FALSE
"https://www.instagram.com/xjusgift","FALSE","xjusgift",533,3051,3877,"TRUE",FALSE
"https://www.instagram.com/soulfulbeautyyy","FALSE","soulfulbeautyyy",4,41,14,"TRUE",FALSE
"https://www.instagram.com/granddepotoutlet","FALSE","granddepotoutlet",6,1011,177,"TRUE",FALSE
"https://www.instagram.com/marinou____","FALSE","marinou____",49,286,354,"TRUE",FALSE
"https://www.instagram.com/jandu8809","FALSE","jandu8809",25,618,89,"TRUE",FALSE
"https://www.instagram.com/jujuhatofficial","FALSE","jujuhatofficial",8,69,22,"TRUE",FALSE
"https://www.instagram.com/alinka_bibikova","TRUE","alinka_bibikova",107,3171,1384,"TRUE",FALSE
"https://www.instagram.com/apotik.payudara_sehat.08","FALSE","apotik.payudara_sehat.08",105,7431,1628,"TRUE",FALSE
"https://www.instagram.com/teakwondo199452","FALSE","teakwondo199452",24,4361,482,"TRUE",FALSE
"https://www.instagram.com/fashion_katibeyaz","FALSE","fashion_katibeyaz",325,3951,7122,"TRUE",FALSE
"https://www.instagram.com/__mr__j__","FALSE","__mr__j__",338,2864,23509,"TRUE",FALSE
"https://www.instagram.com/letspopupstore","FALSE","letspopupstore",216,3003,631,"TRUE",FALSE
"https://www.instagram.com/kwaltherphoto","FALSE","kwaltherphoto",528,2824,1459,"TRUE",FALSE
"https://www.instagram.com/nsordelli","FALSE","nsordelli",145,1415,4511,"TRUE",FALSE
"https://www.instagram.com/dema.yo","FALSE","dema.yo",65,2661,899,"TRUE",FALSE
"https://www.instagram.com/tinkytee","FALSE","tinkytee",1208,891,1734,"TRUE",FALSE
"https://www.instagram.com/andrinschar","FALSE","andrinschar",0,372,43,"TRUE",FALSE
"https://www.instagram.com/mansoncushan","FALSE","mansoncushan",85,7398,681,"TRUE",FALSE
"https://www.instagram.com/asn_vibe","TRUE","asn_vibe",8,6878,701,"TRUE",FALSE
"https://www.instagram.com/stellaluce","FALSE","stellaluce",3079,1881,7460,"TRUE",FALSE
"https://www.instagram.com/mohee_accessories","FALSE","mohee_accessories",124,1449,7044,"TRUE",FALSE
"https://instagram.com/toros0134","TRUE","toros0134",0,2435,100,"TRUE",TRUE
"https://www.instagram.com/adler3368","FALSE","adler3368",15,1809,175,"TRUE",FALSE
"https://instagram.com/biankies02","FALSE","biankies02",34,2186,1063,"TRUE",TRUE
"https://www.instagram.com/san.blonde","FALSE","san.blonde",232,225,674,"TRUE",FALSE
"https://www.instagram.com/dr.shiramortammam","FALSE","dr.shiramortammam",128,4769,540,"TRUE",FALSE
"https://www.instagram.com/ikeaschweiz","FALSE","ikeaschweiz",295,73,4895,"TRUE",FALSE
"https://www.instagram.com/claudiabortiz","FALSE","claudiabortiz",181,884,1931,"TRUE",FALSE
"https://instagram.com/indra.yasemin","FALSE","indra.yasemin",16,156,120,"TRUE",TRUE
"https://www.instagram.com/vadellapictures__","FALSE","vadellapictures__",36,277,203,"TRUE",FALSE
"https://www.instagram.com/hajdari.sonja","FALSE","hajdari.sonja",131,243,202,"TRUE",FALSE
"https://www.instagram.com/renardpolaire","FALSE","renardpolaire",132,739,205,"TRUE",FALSE
"https://instagram.com/julia_almeida_barbosa25","FALSE","julia_almeida_barbosa25",53,1650,255,"TRUE",TRUE
"https://www.instagram.com/village_clicks","FALSE","village_clicks",8,75,65,"TRUE",FALSE
"https://www.instagram.com/traumding","FALSE","traumding",92,2481,2676,"TRUE",FALSE
"https://www.instagram.com/femininedreamer","FALSE","femininedreamer",36,3369,1131,"TRUE",FALSE
"https://www.instagram.com/itssimea","FALSE","itssimea",216,265,455,"TRUE",FALSE
"https://www.instagram.com/rafa_andhiscamera","FALSE","rafa_andhiscamera",144,1588,10341,"TRUE",FALSE
"https://instagram.com/simplelife.91","FALSE","simplelife.91",4,135,146,"TRUE",TRUE
"https://www.instagram.com/lensembledujour","FALSE","lensembledujour",162,2281,2646,"TRUE",FALSE
"https://instagram.com/hauriiip","FALSE","hauriiip",18,442,56,"TRUE",TRUE
"https://www.instagram.com/corinne.dumas","FALSE","corinne.dumas",311,1654,69292,"TRUE",FALSE
"https://www.instagram.com/mini7179","TRUE","mini7179",1,80,17,"TRUE",FALSE
"https://www.instagram.com/fashion.mluna","FALSE","fashion.mluna",563,1497,522,"TRUE",FALSE
"https://www.instagram.com/michaelmayer2017","FALSE","michaelmayer2017",31,3013,186,"TRUE",FALSE
"https://www.instagram.com/alessandrocarpinteri","FALSE","alessandrocarpinteri",53,946,213,"TRUE",FALSE
"https://www.instagram.com/citybootcamp_chemnitz","FALSE","citybootcamp_chemnitz",60,7499,2086,"TRUE",FALSE
"https://www.instagram.com/jane_astrid96","FALSE","jane_astrid96",92,1371,384,"TRUE",FALSE
"https://www.instagram.com/be_mirco","FALSE","be_mirco",355,3876,1927,"TRUE",FALSE
"https://www.instagram.com/alina.niermann","FALSE","alina.niermann",463,1221,2113,"TRUE",FALSE
"https://www.instagram.com/fashionnstylish","FALSE","fashionnstylish",132,1752,593,"TRUE",FALSE
"https://www.instagram.com/fitswisss","FALSE","fitswisss",94,229,369,"TRUE",FALSE
"https://www.instagram.com/suzysquats","FALSE","suzysquats",145,4530,4501,"TRUE",FALSE
"https://instagram.com/goodoldparislove","FALSE","goodoldparislove",161,521,202,"TRUE",TRUE
"https://www.instagram.com/itsjessiezeng","FALSE","itsjessiezeng",313,1496,18990,"TRUE",FALSE
"https://www.instagram.com/blend_russia","FALSE","blend_russia",80,7176,2339,"TRUE",FALSE
"https://www.instagram.com/isacosmetics","FALSE","isacosmetics",1092,541,3542,"TRUE",FALSE
"https://www.instagram.com/stefaniewirnshofer_pr","FALSE","stefaniewirnshofer_pr",131,837,508,"TRUE",FALSE
"https://www.instagram.com/der_shredder","FALSE","der_shredder",173,295,13011,"TRUE",FALSE
"https://www.instagram.com/janphilipp5998","FALSE","janphilipp5998",51,114,814,"TRUE",FALSE
"https://www.instagram.com/lennart_nred","FALSE","lennart_nred",2,129,133,"TRUE",FALSE
"https://www.instagram.com/chaseeet","FALSE","chaseeet",1889,578,334,"TRUE",FALSE
"https://www.instagram.com/nanaranoy","FALSE","nanaranoy",147,1160,1064,"TRUE",FALSE
"https://www.instagram.com/christiansargsyan","FALSE","christiansargsyan",4,119,79,"TRUE",FALSE
"https://instagram.com/eat_fit_balance","FALSE","eat_fit_balance",190,3975,470,"TRUE",TRUE
"https://www.instagram.com/napolion_mariadass","FALSE","napolion_mariadass",265,547,1288,"TRUE",FALSE
"https://instagram.com/guiasouzad93","FALSE","guiasouzad93",139,714,255,"TRUE",TRUE
"https://www.instagram.com/jan_z27","FALSE","jan_z27",3,22,55,"TRUE",FALSE
"https://www.instagram.com/jessi_kundsoweiter","FALSE","jessi_kundsoweiter",106,321,184,"TRUE",FALSE
"https://www.instagram.com/maxsyms","FALSE","maxsyms",349,5628,1133,"TRUE",FALSE
"https://www.instagram.com/herbieking12","FALSE","herbieking12",33,5120,709,"TRUE",FALSE
"https://www.instagram.com/eschalklen","FALSE","eschalklen",0,33,19,"TRUE",FALSE
"https://www.instagram.com/gabrielnoll88","FALSE","gabrielnoll88",43,748,1082,"TRUE",FALSE
"https://www.instagram.com/giroux2635","FALSE","giroux2635",163,355,75,"TRUE",FALSE
"https://www.instagram.com/michael_sanchez1516","TRUE","michael_sanchez1516",4,1407,145,"TRUE",FALSE
"https://www.instagram.com/ben.gabriel10","FALSE","ben.gabriel10",0,15,3,"TRUE",FALSE
"https://www.instagram.com/fashionutrition","FALSE","fashionutrition",10,230,7974,"TRUE",FALSE
"https://instagram.com/fitsupremetop","FALSE","fitsupremetop",1,601,17,"TRUE",TRUE
"https://instagram.com/mrtee34","TRUE","mrtee34",4336,5972,393,"TRUE",TRUE
"https://www.instagram.com/pluem_zathura14625","TRUE","pluem_zathura14625",2,741,226,"TRUE",FALSE
"https://www.instagram.com/donnnie5155","TRUE","donnnie5155",0,1181,177,"TRUE",FALSE
"https://www.instagram.com/noman._.bu","FALSE","noman._.bu",23,326,470,"TRUE",FALSE
"https://www.instagram.com/la_sabata_","FALSE","la_sabata_",39,336,130,"TRUE",FALSE
"https://instagram.com/ahmed.marias","FALSE","ahmed.marias",224,1373,593,"TRUE",TRUE
"https://www.instagram.com/clarag_fit","FALSE","clarag_fit",138,409,8014,"TRUE",FALSE
"https://instagram.com/ivo_weickert","FALSE","ivo_weickert",8,540,404,"TRUE",TRUE
"https://www.instagram.com/soushi33","FALSE","soushi33",101,639,116,"TRUE",FALSE
"https://www.instagram.com/kimy_boss","FALSE","kimy_boss",32,2849,2103,"TRUE",FALSE
"https://www.instagram.com/lewon_fcb","FALSE","lewon_fcb",135,899,183,"TRUE",FALSE
"https://www.instagram.com/nfrndly","TRUE","nfrndly",1,2607,198,"TRUE",FALSE
"https://www.instagram.com/rathod1978.pr","FALSE","rathod1978.pr",6,806,195,"TRUE",FALSE
"https://www.instagram.com/philenphitness","FALSE","philenphitness",19,1075,309,"TRUE",FALSE
"https://instagram.com/mokessler","FALSE","mokessler",13,154,53,"TRUE",TRUE
"https://www.instagram.com/deepak_7feb","FALSE","deepak_7feb",11,131,122,"TRUE",FALSE
"https://www.instagram.com/igyzg","FALSE","igyzg",6,191,5488,"TRUE",FALSE
"https://instagram.com/eserra04_pottermore","FALSE","eserra04_pottermore",9,806,127,"TRUE",TRUE
"https://www.instagram.com/movewith.millie","FALSE","movewith.millie",129,4246,1134,"TRUE",FALSE
"https://www.instagram.com/snickle","FALSE","snickle",2525,4223,1132,"TRUE",FALSE
"https://www.instagram.com/lestendancesdemma","FALSE","lestendancesdemma",398,406,17849,"TRUE",FALSE
"https://www.instagram.com/peternguyent","FALSE","peternguyent",47,880,1253,"TRUE",FALSE
"https://www.instagram.com/kraftbierwerkstatt","FALSE","kraftbierwerkstatt",118,395,360,"TRUE",FALSE
"https://instagram.com/sydneylattimore","FALSE","sydneylattimore",469,1065,1013,"TRUE",TRUE
"https://instagram.com/leila123","FALSE","leila123",86,280,25,"TRUE",TRUE
"https://www.instagram.com/n.20.p","FALSE","n.20.p",1168,77,196,"TRUE",FALSE
"https://www.instagram.com/angelina.candy","FALSE","angelina.candy",1203,2001,682,"TRUE",FALSE
"https://instagram.com/bravo.mariaelena","TRUE","bravo.mariaelena",2,1798,143,"TRUE",TRUE
"https://www.instagram.com/grace.foodstories","FALSE","grace.foodstories",33,307,312,"TRUE",FALSE
"https://www.instagram.com/zoomin.insta","FALSE","zoomin.insta",39,4277,1539,"TRUE",FALSE
"https://www.instagram.com/zelcainese","FALSE","zelcainese",246,349,136,"TRUE",FALSE
"https://instagram.com/alexis.511","FALSE","alexis.511",2,492,179,"TRUE",TRUE
"https://instagram.com/linesoo","FALSE","linesoo",0,56,0,"TRUE",TRUE
"https://instagram.com/daniellewoolley","FALSE","daniellewoolley",1301,782,192,"TRUE",TRUE
"https://www.instagram.com/gadgetfoto_gastrophotographer","FALSE","gadgetfoto_gastrophotographer",10,37,15,"TRUE",FALSE
"https://www.instagram.com/lim_limes","FALSE","lim_limes",40,654,746,"TRUE",FALSE
"https://www.instagram.com/jhon.freire1","FALSE","jhon.freire1",112,7303,2432,"TRUE",FALSE
"https://www.instagram.com/siendo_verde","FALSE","siendo_verde",21,4908,592,"TRUE",FALSE
"https://www.instagram.com/mimi.mimi.gt","FALSE","mimi.mimi.gt",5,140,44,"TRUE",FALSE
"https://www.instagram.com/munchtohealth","FALSE","munchtohealth",13,128,73,"TRUE",FALSE
"https://www.instagram.com/oh.pepper","FALSE","oh.pepper",838,399,3856,"TRUE",FALSE
"https://instagram.com/convinced__","FALSE","convinced__",5,70,16,"TRUE",TRUE
"https://www.instagram.com/mafimed","FALSE","mafimed",14,1704,321,"TRUE",FALSE
"https://www.instagram.com/mrs.moni_que","FALSE","mrs.moni_que",95,926,2118,"TRUE",FALSE
"https://www.instagram.com/crumbsbylu","FALSE","crumbsbylu",48,319,139,"TRUE",FALSE
"https://www.instagram.com/drinkthateatthis","FALSE","drinkthateatthis",303,960,2555,"TRUE",FALSE
"https://www.instagram.com/oleacon_official","FALSE","oleacon_official",14,529,438,"TRUE",FALSE
"https://www.instagram.com/andreaoltenacu","FALSE","andreaoltenacu",36,142,68,"TRUE",FALSE
"https://instagram.com/gg24","FALSE","gg24",336,485,107,"TRUE",TRUE
"https://www.instagram.com/carolinagomesdasilva","FALSE","carolinagomesdasilva",6515,923,55564,"TRUE",FALSE
"https://www.instagram.com/coolsweetscompany","FALSE","coolsweetscompany",96,526,1458,"TRUE",FALSE
"https://www.instagram.com/accessortiles","FALSE","accessortiles",0,28,3,"TRUE",FALSE
"https://www.instagram.com/zsazsaisabella","FALSE","zsazsaisabella",73,1069,772,"TRUE",FALSE
"https://www.instagram.com/thehappyceliac","FALSE","thehappyceliac",15,1131,773,"TRUE",FALSE
"https://www.instagram.com/fuel_ur_fit","FALSE","fuel_ur_fit",70,3932,962,"TRUE",FALSE
"https://www.instagram.com/carmenholder_daretolive","FALSE","carmenholder_daretolive",606,1506,648,"TRUE",FALSE
"https://www.instagram.com/vegwanderer","FALSE","vegwanderer",74,1226,286,"TRUE",FALSE
"https://www.instagram.com/mikulichkate","FALSE","mikulichkate",45,7352,2264,"TRUE",FALSE
"https://www.instagram.com/the.frisky.hobos","FALSE","the.frisky.hobos",111,4724,1735,"TRUE",FALSE
"https://www.instagram.com/vegetariandude","FALSE","vegetariandude",810,6274,10288,"TRUE",FALSE
"https://instagram.com/michelejentges","FALSE","michelejentges",4,537,1,"TRUE",TRUE
"https://www.instagram.com/_nameyer","FALSE","_nameyer",37,658,1139,"TRUE",FALSE
"https://instagram.com/celine_c21","FALSE","celine_c21",59,190,81,"TRUE",TRUE
"https://www.instagram.com/find_the_fun_","FALSE","find_the_fun_",120,280,156,"TRUE",FALSE
"https://www.instagram.com/andreea_miron","FALSE","andreea_miron",178,678,746,"TRUE",FALSE
"https://www.instagram.com/francy84b","FALSE","francy84b",432,927,12636,"TRUE",FALSE
"https://www.instagram.com/proektkd","FALSE","proektkd",558,4800,8846,"TRUE",FALSE
"https://instagram.com/fluribardill","FALSE","fluribardill",14,390,261,"TRUE",TRUE
"https://www.instagram.com/sebastian.rehefeldt","FALSE","sebastian.rehefeldt",1,20,12,"TRUE",FALSE
"https://www.instagram.com/swag___de_poule","TRUE","swag___de_poule",8,6485,690,"TRUE",FALSE
"https://www.instagram.com/mezzerie","FALSE","mezzerie",9,55,180,"TRUE",FALSE
"https://instagram.com/mrs_a_lee","FALSE","mrs_a_lee",71,373,37,"TRUE",TRUE
"https://www.instagram.com/fifothebarbero","FALSE","fifothebarbero",238,3535,1259,"TRUE",FALSE
"https://www.instagram.com/planetnara","FALSE","planetnara",2065,567,1271,"TRUE",FALSE
"https://www.instagram.com/samer.ss3763","TRUE","samer.ss3763",3391,748,3157,"TRUE",FALSE
"https://instagram.com/uepa_ela","FALSE","uepa_ela",3,268,58,"TRUE",TRUE
"https://www.instagram.com/mirjamrts","FALSE","mirjamrts",63,517,453,"TRUE",FALSE
"https://www.instagram.com/binzundkunz","FALSE","binzundkunz",14,36,142,"TRUE",FALSE
"https://www.instagram.com/aragonhbl","FALSE","aragonhbl",80,648,820,"TRUE",FALSE
"https://www.instagram.com/feast365","FALSE","feast365",1744,3772,5819,"TRUE",FALSE
"https://www.instagram.com/bluebboat","FALSE","bluebboat",3,496,97,"TRUE",FALSE
"https://www.instagram.com/lelinilife","FALSE","lelinilife",72,4853,4583,"TRUE",FALSE
"https://www.instagram.com/healthchallenge_operacionsalud","FALSE","healthchallenge_operacionsalud",56,1909,643,"TRUE",FALSE
"https://www.instagram.com/zulccm","FALSE","zulccm",526,548,285,"TRUE",FALSE
"https://www.instagram.com/cookingmakesfriends","FALSE","cookingmakesfriends",17,310,175,"TRUE",FALSE
"https://www.instagram.com/acalasuisse","FALSE","acalasuisse",25,226,108,"TRUE",FALSE
"https://www.instagram.com/_anardg_","FALSE","_anardg_",905,1833,599,"TRUE",FALSE
"https://www.instagram.com/balance_raw","FALSE","balance_raw",104,1310,596,"TRUE",FALSE
"https://www.instagram.com/orasuldevanilie.ro","FALSE","orasuldevanilie.ro",78,1272,271,"TRUE",FALSE
"https://www.instagram.com/whatevergoesisa","FALSE","whatevergoesisa",847,604,133,"TRUE",FALSE
"https://www.instagram.com/cannusoculus","FALSE","cannusoculus",0,32,11,"TRUE",FALSE
"https://www.instagram.com/stefan_stoeckler","FALSE","stefan_stoeckler",1,58,150,"TRUE",FALSE
"https://www.instagram.com/egoka","FALSE","egoka",1380,572,536,"TRUE",FALSE
"https://instagram.com/amybutnotpond11","FALSE","amybutnotpond11",118,216,23,"TRUE",TRUE
"https://www.instagram.com/clairington","FALSE","clairington",751,1447,574,"TRUE",FALSE
"https://www.instagram.com/flyleafcontent","FALSE","flyleafcontent",8,104,27,"TRUE",FALSE
"https://instagram.com/alyssa_ashlea","FALSE","alyssa_ashlea",385,421,145,"TRUE",TRUE
"https://www.instagram.com/andaerobsa","FALSE","andaerobsa",0,32,1,"TRUE",FALSE
"https://www.instagram.com/pencilmountainstudio","FALSE","pencilmountainstudio",73,427,1057,"TRUE",FALSE
"https://www.instagram.com/studioantonioperazzi","FALSE","studioantonioperazzi",611,871,604,"TRUE",FALSE
"https://www.instagram.com/studiofranzwalter","FALSE","studiofranzwalter",44,433,126,"TRUE",FALSE
"https://www.instagram.com/sako_artist","FALSE","sako_artist",37,885,696,"TRUE",FALSE
"https://www.instagram.com/ibekbu","FALSE","ibekbu",4064,2009,11708,"TRUE",FALSE
"https://www.instagram.com/j__soraya","FALSE","j__soraya",49,305,77,"TRUE",FALSE
"https://www.instagram.com/hawkinsloop","FALSE","hawkinsloop",301,929,264,"TRUE",FALSE
"https://instagram.com/hannah_alice","FALSE","hannah_alice",231,1032,465,"TRUE",TRUE
"https://instagram.com/neetspeets","FALSE","neetspeets",321,250,176,"TRUE",TRUE
"https://www.instagram.com/morrisdavida2","FALSE","morrisdavida2",1,202,14,"TRUE",FALSE
"https://www.instagram.com/smadmit","FALSE","smadmit",482,2639,41399,"TRUE",FALSE
"https://www.instagram.com/babalash","FALSE","babalash",77,420,20,"TRUE",FALSE
"https://instagram.com/bellabiz2","FALSE","bellabiz2",81,255,144,"TRUE",TRUE
"https://www.instagram.com/isaisarodrigues","FALSE","isaisarodrigues",155,395,208,"TRUE",FALSE
"https://www.instagram.com/brightside_chi","FALSE","brightside_chi",29,465,157,"TRUE",FALSE
"https://www.instagram.com/creativemorningsbuf","FALSE","creativemorningsbuf",236,166,1057,"TRUE",FALSE
"https://instagram.com/sunjinita","FALSE","sunjinita",0,81,0,"TRUE",TRUE
"https://www.instagram.com/atolyeist","FALSE","atolyeist",636,7500,14483,"TRUE",FALSE
"https://instagram.com/shku","FALSE","shku",157,503,181,"TRUE",TRUE
"https://www.instagram.com/conner.bailey_","FALSE","conner.bailey_",82,638,339,"TRUE",FALSE
"https://www.instagram.com/brigittemode","FALSE","brigittemode",87,273,57,"TRUE",FALSE
"https://www.instagram.com/calamancho","FALSE","calamancho",421,999,2015,"TRUE",FALSE
"https://instagram.com/courey_chan","FALSE","courey_chan",700,962,566,"TRUE",TRUE
"https://instagram.com/martaj.lamsfus","FALSE","martaj.lamsfus",1,234,18,"TRUE",TRUE
"https://www.instagram.com/art_of_travels","FALSE","art_of_travels",771,4639,24803,"TRUE",FALSE
"https://www.instagram.com/ezgeey","FALSE","ezgeey",1466,636,403,"TRUE",FALSE
"https://www.instagram.com/fromscratchclub","FALSE","fromscratchclub",2696,519,1136,"TRUE",FALSE
"https://www.instagram.com/ozgeavar","FALSE","ozgeavar",691,684,335,"TRUE",FALSE
"https://www.instagram.com/skeventspr","FALSE","skeventspr",1267,2277,1404,"TRUE",FALSE
"https://instagram.com/she.who.dares","FALSE","she.who.dares",316,105,47,"TRUE",TRUE
"https://www.instagram.com/studiopatten","FALSE","studiopatten",602,761,1722,"TRUE",FALSE
"https://www.instagram.com/justbesteveo","FALSE","justbesteveo",358,558,196,"TRUE",FALSE
"https://www.instagram.com/vais4bloggers","FALSE","vais4bloggers",540,2256,1847,"TRUE",FALSE
"https://www.instagram.com/ran_park_grafik","FALSE","ran_park_grafik",46,438,112,"TRUE",FALSE
